,C2,C3`,C5,C3_impute,S3prime,Y1,C2,C3`,C4,C5,S3prime,Y2
0,1,1,-0.08534987093761999,0.02125019610197577,-0.20726037955859059,0,1,1,0.6545660898758693,-0.08534987093761999,-0.20726037955859059,1
1,0,0,-0.20002008162153176,-0.010657235238809971,-0.22585889905257772,1,0,0,-0.6197765094144966,-0.20002008162153176,-0.22585889905257772,0
2,1,0,-0.3140328912443299,-0.008256280009206292,-0.04087650605770756,1,1,0,0.4034795598120954,-0.3140328912443299,-0.04087650605770756,0
3,1,0,-0.3329696887644776,-0.006171239941392571,0.6318164616189916,1,1,0,0.38269809910737834,-0.3329696887644776,0.6318164616189916,0
4,1,1,-0.1822639566077353,2.0697229690602657e-05,-0.0905663376752961,0,1,1,-1.266863022960582,-0.1822639566077353,-0.0905663376752961,1
5,1,1,-0.07168691336607,-4.248580266738896e-05,-0.513512456772347,0,1,1,-1.9475402803040947,-0.07168691336607,-0.513512456772347,0
6,1,0,-0.29315860588362835,-0.012236811047759762,-1.0362215138234907,1,1,0,-0.09541750251303724,-0.29315860588362835,-1.0362215138234907,0
7,0,0,-0.2900793805811055,-0.005097128391306714,-0.22863980387717633,1,0,0,1.0013634713189234,-0.2900793805811055,-0.22863980387717633,0
8,1,0,0.028633742143129217,-0.003643918647072908,1.5017354502295672,1,1,0,-1.0992939663510555,0.028633742143129217,1.5017354502295672,0
9,1,1,-0.15494519125115852,0.008992687824525404,1.6059168242895039,1,1,1,-0.9674065168020859,-0.15494519125115852,1.6059168242895039,0
11,1,0,-0.30472932161454697,-2.5157381021684593,0.20185909744605016,1,1,0,0.24645000458443755,-0.30472932161454697,0.20185909744605016,0
12,1,1,-0.32309649734923773,0.001284357876850434,0.8557544517651204,0,1,1,0.37392570543847775,-0.32309649734923773,0.8557544517651204,1
13,1,0,-0.3380748544389712,-0.014258668083215489,0.5429699090989937,0,1,0,-0.4084358177303417,-0.3380748544389712,0.5429699090989937,1
14,1,1,0.0005942422716080367,0.0007157105856285097,-0.8031821792003093,1,1,1,0.4803644990396593,0.0005942422716080367,-0.8031821792003093,0
15,1,1,0.3798002105374197,0.0006525275532705183,-1.044423984466129,1,1,1,-2.785524832276826,0.3798002105374197,-1.044423984466129,0
16,1,1,-0.2430341361101129,0.0015370900062824,0.4694451136692284,0,1,1,-0.21107959719002664,-0.2430341361101129,0.4694451136692284,0
17,1,1,-0.25484400935548956,0.0004629784561965436,0.0800676285144163,1,1,1,-0.4084358177303417,-0.25484400935548956,0.0800676285144163,0
18,1,1,0.12712872716281096,0.007034013821427665,-1.0048632005740081,1,1,1,0.887547936313413,0.12712872716281096,-1.0048632005740081,0
19,1,1,-0.29316893229944235,0.0035589470417381297,-1.3095569177528195,0,1,1,-0.5999746782028343,-0.29316893229944235,-1.3095569177528195,1
20,1,0,-0.1793306571206042,-0.009456757624008131,0.5857063389695198,1,1,0,1.1408144792017019,-0.1793306571206042,0.5857063389695198,0
21,1,1,-0.04515301250620987,0.0038116791711700964,-1.8856215462306058,0,1,1,1.404459173483132,-0.04515301250620987,-1.8856215462306058,1
22,1,0,-0.36097789646686546,-0.005855324779602613,1.1399524340955574,0,1,0,-0.14227157395278292,-0.36097789646686546,1.1399524340955574,0
23,1,0,-0.29091780209941764,-0.18769609190590233,1.329715560029477,1,1,0,0.8574190192905838,-0.29091780209941764,1.329715560029477,0
24,1,0,-0.27462111540657286,-0.009204025494576164,-0.24792322167289366,0,1,0,-0.27117959454436386,-0.27462111540657286,-0.24792322167289366,0
25,1,0,-0.25902777236861474,-0.12173300612415913,1.2914710497844768,1,1,0,-0.33761701939523997,-0.25902777236861474,1.2914710497844768,0
26,1,1,-0.22808568674809054,0.001979371232788341,2.10359673325768,1,1,1,-1.3335689204886791,-0.22808568674809054,2.10359673325768,0
27,1,0,0.20768522019997745,-0.003012088323492992,-0.13692997786480954,0,1,0,0.5551270113384839,0.20768522019997745,-0.13692997786480954,1
28,1,1,-0.090648450664784,0.0027375676210842394,-0.5491635317586585,1,1,1,0.8518514534480309,-0.090648450664784,-0.5491635317586585,0
29,1,0,-0.22140276990589486,-0.006297606006108554,0.656646310647811,1,1,0,-0.6977415678578692,-0.22140276990589486,0.656646310647811,0
30,1,1,-0.13557492132871035,0.000968442715060476,-0.5441851750734366,1,1,1,-1.3335689204886791,-0.13557492132871035,-0.5441851750734366,0
31,1,0,0.05340616887257266,-0.003517552582356925,-1.6715675349215418,0,1,0,-1.2539599797738938,0.05340616887257266,-1.6715675349215418,1
32,0,1,-0.3680419234816785,0.000399795423838552,0.5688748226362637,1,0,1,0.4034795598120954,-0.3680419234816785,0.5688748226362637,0
33,1,0,0.4572228497307369,-0.05753904524843971,1.0484826534791387,0,1,0,2.337305736936596,0.4572228497307369,1.0484826534791387,1
34,1,0,-0.2643274899928381,-0.0005479500615313214,0.5639639160838589,0,1,0,0.2751514278156656,-0.2643274899928381,0.5639639160838589,0
35,1,1,-0.3121069625414044,0.0005261614885545351,-0.6492420998891443,0,1,1,-0.5906733188706811,-0.3121069625414044,-0.6492420998891443,1
36,1,0,0.06395585905457295,-0.0004215839968153383,0.15132348543126345,0,1,0,1.47759111322895,0.06395585905457295,0.15132348543126345,1
37,1,0,0.021331695510917514,-0.0044652980677267985,-1.2086442455708442,0,1,0,0.26890895956602406,0.021331695510917514,-1.2086442455708442,1
38,1,1,-0.24447448620789322,0.00842404053330348,1.627094678014699,0,1,1,0.8886320470218363,-0.24447448620789322,1.627094678014699,1
39,1,1,-0.23569767757433005,-0.00016885186738337205,-0.8194791943866419,0,1,1,1.4932154526620702,-0.23569767757433005,-0.8194791943866419,1
40,1,1,1.5130859895101356,0.002800750653442231,-1.5149365014009495,0,1,1,-0.0784738789071055,1.5130859895101356,-1.5149365014009495,1
41,1,1,-0.28763478891603295,0.0064021834978477505,0.12698263276271446,1,1,1,-0.8194549675305121,-0.28763478891603295,0.12698263276271446,0
42,1,1,-0.2847594937315044,0.0001470632944065857,0.8652466769731548,0,1,1,0.6600456564624835,-0.2847594937315044,0.8652466769731548,1
43,1,0,-0.06689126517420695,-0.0004215839968153383,-0.04556367869589246,1,1,0,-0.4115019165269743,-0.06689126517420695,-0.04556367869589246,0
44,1,0,-0.18037410872406806,-0.0004847670291733298,-0.12092623524461654,1,1,0,-0.24295408929702178,-0.18037410872406806,-0.12092623524461654,0
45,1,0,-0.3255192508732455,-0.00939357459165014,0.44170757792549986,1,1,0,-0.36410837184632755,-0.3255192508732455,0.44170757792549986,0
46,1,0,0.23875095730095572,-0.0014325125145432033,-1.2946863307858967,0,1,0,0.6316082887345505,0.23875095730095572,-1.2946863307858967,1
47,1,0,-0.16133933826710659,-0.0067398872326144945,1.2091943214427696,1,1,0,-0.13706351539911943,-0.16133933826710659,1.2091943214427696,0
48,1,0,-0.144158562453966,-0.05804450950730364,2.159684501672594,1,1,0,-0.8934840770703417,-0.144158562453966,2.159684501672594,0
49,1,0,-0.17412151610230853,-0.0022538919351970934,0.011006761235598536,0,1,0,0.8233989604224072,-0.17412151610230853,0.011006761235598536,1
50,1,0,-0.3609155586729617,-0.005413043553096672,4.48086552179007,1,1,0,0.24645000458443755,-0.3609155586729617,4.48086552179007,0
51,1,0,-0.2785545979614844,-0.3737069391678295,1.6593943455744358,1,1,0,-2.018942626604928,-0.2785545979614844,1.6593943455744358,0
52,1,1,-0.30160312012842216,0.0034957640093801383,-1.0416825356313832,0,1,1,-0.13593916740583775,-0.30160312012842216,-1.0416825356313832,1
53,1,0,-0.19266514174100927,-0.00983585581815608,0.393094678921756,1,1,0,1.2757454574776426,-0.19266514174100927,0.393094678921756,0
54,1,1,1.763032579244041,0.001789822135714366,0.9583089944664328,0,1,1,1.564057610003998,1.763032579244041,0.9583089944664328,1
55,1,0,-0.25794644775802406,-0.10385220796684753,0.29525393999478683,1,1,0,2.480735670242187,-0.25794644775802406,0.29525393999478683,0
56,1,1,-0.14050752491414692,0.24283309058145217,0.057011931060442576,0,1,1,-0.6567428382848947,-0.14050752491414692,0.057011931060442576,1
57,0,0,-0.39407171697927634,-0.010720418271167962,-0.06957523184227522,1,0,0,-0.9604637747951625,-0.39407171697927634,-0.06957523184227522,0
58,1,1,0.28321263494602184,0.0009052596827024844,-0.16545124853617776,0,1,1,0.3609649694068759,0.28321263494602184,-0.16545124853617776,1
59,1,0,1.0434245539410467,-0.013942752921425532,-0.05031367199919239,1,1,0,-0.08946386224326543,1.0434245539410467,-0.05031367199919239,0
60,1,0,0.0011383467155080432,-0.0005479500615313214,0.5116266622459746,0,1,0,0.16299283726405286,0.0011383467155080432,0.5116266622459746,1
61,1,0,-0.3249879382887882,-0.004591664132442782,1.030688341034413,1,1,0,-0.1572565400686461,-0.3249879382887882,1.030688341034413,0
62,1,0,0.6700269527674829,-0.0033911865176409414,-1.2115389509855683,1,1,0,-0.5810446125501038,0.6700269527674829,-1.2115389509855683,0
63,1,0,-0.26074687879852,-0.9999771559002417,0.8005410086229727,1,1,0,1.1743808368291986,-0.26074687879852,0.8005410086229727,0
64,1,1,0.3514702339940618,0.0013475409092084255,0.9372191021926423,0,1,1,1.309857662212618,0.3514702339940618,0.9372191021926423,1
65,1,1,-0.15340268644487112,0.002484835491652274,-0.514444589779395,0,1,1,0.10462595461762222,-0.15340268644487112,-0.514444589779395,1
66,1,0,-0.23510788656349538,-0.013626837759635572,-1.0212072280033537,0,1,0,-0.05364068189688588,-0.23510788656349538,-1.0212072280033537,0
67,1,0,-0.08146271975797675,-0.02670572545773983,0.01887408409748098,0,1,0,0.37392570543847775,-0.08146271975797675,0.01887408409748098,1
68,1,1,0.06785863735383187,0.0005893445209125267,0.1034422296107588,0,1,1,-2.0684018830015733,0.06785863735383187,0.1034422296107588,1
69,1,1,-0.2912338719726152,0.0007157105856285097,-0.08715405601255774,1,1,1,0.8661141835606158,-0.2912338719726152,-0.08715405601255774,0
70,1,1,-0.2883735590993687,0.002484835491652274,-0.3937481879502596,0,1,1,0.11116365696529742,-0.2883735590993687,-0.3937481879502596,1
71,1,0,-0.22367088321953102,-0.03043352436686133,0.008643388384795067,0,1,0,1.3289621429332221,-0.22367088321953102,0.008643388384795067,0
72,0,0,-0.4075042693612501,-0.0025698070969870515,0.6653974038302952,0,0,0,0.32390907511399275,-0.4075042693612501,0.6653974038302952,1
73,0,1,0.13448186537298942,0.0035589470417381297,-0.1756205441717145,1,0,1,0.7509852822730875,0.13448186537298942,-0.1756205441717145,0
74,1,1,-0.25525866852640805,0.017838312354644226,0.5820011727568458,1,1,1,-1.370395527272895,-0.25525866852640805,0.5820011727568458,0
75,1,1,-0.2238217494046556,0.0007157105856285097,-0.5298464732891961,0,1,1,0.37707656262827477,-0.2238217494046556,-0.5298464732891961,0
76,1,1,0.12240232000701201,0.000399795423838552,1.3206834084528427,0,1,1,0.09667653780540446,0.12240232000701201,1.3206834084528427,1
77,1,0,-0.050888867108347814,-0.002064342838123119,0.7059540484439256,1,1,0,0.11723708102620474,-0.050888867108347814,0.7059540484439256,0
78,0,0,-0.33677689319322296,-0.0048443962618747475,-1.0717150741825945,1,0,0,-0.7031732463438294,-0.33677689319322296,-1.0717150741825945,0
79,1,0,-0.28970874854391004,-0.01103633343295792,1.2972378827203555,0,1,0,-0.11799646756249674,-0.28970874854391004,1.2972378827203555,0
80,1,0,-0.16559107166457954,-0.000611133093889313,2.1068121903827715,1,1,0,-0.11839387929637209,-0.16559107166457954,2.1068121903827715,0
81,1,1,0.7878608396806756,0.0023584694269362903,-1.4507070734102456,0,1,1,-1.960227797903613,0.7878608396806756,-1.4507070734102456,1
82,0,1,-0.42590898621642537,0.005264888915403902,0.8656470698481813,0,0,1,-1.5914618479933627,-0.42590898621642537,0.8656470698481813,1
83,1,1,0.663235765020086,0.004885790721255953,-0.32640962304275456,1,1,1,0.4364097270271289,0.663235765020086,-0.32640962304275456,0
84,1,0,-0.22812790272899403,-0.0021907089028391025,-0.43694884473714507,0,1,0,-0.2823451999499717,-0.22812790272899403,-0.43694884473714507,1
85,0,0,-0.404765180454731,-0.0026961731617030347,-0.06582261778038934,1,0,0,0.07414518501023229,-0.404765180454731,-0.06582261778038934,0
87,1,0,-0.3261543207045685,-0.005286677488380688,-0.3010914707558663,1,1,0,-0.9312282862985651,-0.3261543207045685,-0.3010914707558663,0
88,1,1,-0.3159262191965038,0.007286745950859631,-1.1287576847449154,0,1,1,1.7216287902408662,-0.3159262191965038,-1.1287576847449154,1
89,1,1,-0.3276875137199199,0.010951361827623143,-0.5751622018392225,1,1,1,0.413611823592726,-0.3276875137199199,-0.5751622018392225,0
90,1,0,-0.29296146521808847,-0.005413043553096672,-0.5074220453150452,1,1,0,1.3162374330481124,-0.29296146521808847,-0.5074220453150452,0
91,1,1,0.03012459590539563,0.0027375676210842394,-0.7428523672148554,1,1,1,1.9507640015759964,0.03012459590539563,-0.7428523672148554,0
92,0,0,-0.29872502761362263,-0.001748427676333161,-0.7465039041831082,0,0,0,-0.734559468368311,-0.29872502761362263,-0.7465039041831082,1
93,1,1,-0.23938636054186407,0.0016002730386403918,-0.21717057810126802,1,1,1,1.0389312962415884,-0.23938636054186407,-0.21717057810126802,0
94,1,0,-0.26712695382083357,-0.5308431406421545,2.975754074982624,0,1,0,-1.1322003266222116,-0.26712695382083357,2.975754074982624,0
95,0,1,-0.42635670129691927,0.00021024632676457734,-0.5296968024673065,0,0,1,0.7902979340687742,-0.42635670129691927,-0.5296968024673065,1
96,1,0,-0.3838369208435122,-0.002632990129345043,-0.784399116599595,0,1,0,0.7972092643549541,-0.3838369208435122,-0.784399116599595,1
97,0,1,-0.4006415742661458,0.0016002730386403918,-1.2856586036915933,0,0,1,-0.910660070233995,-0.4006415742661458,-1.2856586036915933,1
98,0,1,-0.29666095820768673,-0.00023203489974136363,-0.3565533847184871,0,0,1,-0.9312282862985651,-0.29666095820768673,-0.3565533847184871,1
99,1,1,-0.2690837005691177,0.0012211748444924423,0.7999747887000372,1,1,1,-0.6308121786605494,-0.2690837005691177,0.7999747887000372,0
100,1,1,0.1404271025165313,0.005833536206625826,-0.5310153378222452,0,1,1,0.688345240363848,0.1404271025165313,-0.5310153378222452,1
101,0,0,-0.32373055255568284,-0.001495695546901195,2.078054998370541,0,0,0,0.5573340055861995,-0.32373055255568284,2.078054998370541,0
102,1,0,-0.2078303794577971,-0.0021275258704811107,1.7539946901484766,1,1,0,0.512616090575344,-0.2078303794577971,1.7539946901484766,0
103,1,0,-0.2605271413938756,-0.08875146323328754,2.4083719819459892,0,1,0,-0.634926816636421,-0.2605271413938756,2.4083719819459892,1
104,1,1,-0.2945049467193518,0.0014107239415664169,-0.6767447773100996,0,1,1,0.23925704040538998,-0.2945049467193518,-0.6767447773100996,0
105,1,0,-0.12958106753330592,-0.004338932003010815,0.2865158588653705,0,1,0,1.3841486445349225,-0.12958106753330592,0.2865158588653705,1
106,1,1,-0.3115366106053344,0.0031166658152321893,-0.8260107331033005,0,1,1,-0.5219462657883127,-0.3115366106053344,-0.8260107331033005,0
107,1,0,-0.2461911177116943,-0.007182168459120436,0.24586158484249934,1,1,0,-5.0952824178741105,-0.2461911177116943,0.24586158484249934,0
108,1,0,-0.10806841243980911,-0.00332800348528295,-9.564708495760412e-05,1,1,0,1.4447062020989379,-0.10806841243980911,-9.564708495760412e-05,0
109,1,0,-0.23117965730000803,-0.00332800348528295,-1.2433211489076024,1,1,0,1.0161268545322726,-0.23117965730000803,-1.2433211489076024,0
110,1,0,-0.2911192667737833,-0.0011165973527532457,-1.3998192915451586,0,1,0,-0.9604637747951625,-0.2911192667737833,-1.3998192915451586,0
111,1,0,2.8450948979808035,-0.003201637420566967,3.8805212039138746,1,1,0,1.6092182197279732,2.8450948979808035,3.8805212039138746,0
112,1,0,0.6604414975886617,-0.006297606006108554,-0.1842480311515213,0,1,0,-0.14935338717663674,0.6604414975886617,-0.1842480311515213,1
113,0,0,-0.3927840916318176,-0.0004215839968153383,0.5717589910249451,1,0,0,0.06486067880679855,-0.3927840916318176,0.5717589910249451,0
114,1,0,1.0308628436611023,-0.011541797691821853,-0.8278665690073067,1,1,0,-1.97849621884014,1.0308628436611023,-0.8278665690073067,0
116,0,0,-0.2863137757723565,-0.007498083620910394,0.4554407130749567,1,0,0,1.2164546070695446,-0.2863137757723565,0.4554407130749567,0
117,1,1,-0.30657134937429326,0.00021024632676457734,0.14740793816681017,0,1,1,0.7966599688775302,-0.30657134937429326,0.14740793816681017,1
118,1,0,-0.25114284745020415,-0.07876854412072488,0.09509850514157935,1,1,0,1.2099562465506264,-0.25114284745020415,0.09509850514157935,0
119,1,1,0.047764626971707455,0.0011327185991912541,-0.9099688090701162,0,1,1,-0.5457142977142388,0.047764626971707455,-0.9099688090701162,0
120,1,1,-0.08315492440490285,0.009687701180463311,1.603909523620494,0,1,1,1.0291346047595467,-0.08315492440490285,1.603909523620494,1
121,1,0,-0.22615285480300468,-0.23988527663360334,-0.02897455701260769,0,1,0,-0.6325061314167799,-0.22615285480300468,-0.02897455701260769,1
122,1,1,-0.2778003618606164,0.004569875559465995,0.12280818854358086,0,1,1,-1.3993361811283125,-0.2778003618606164,0.12280818854358086,0
124,1,1,-0.28989394129032636,0.0012211748444924423,0.5576895187460486,0,1,1,-0.3042873887170095,-0.28989394129032636,0.5576895187460486,1
125,1,1,-0.17505458220853573,0.012215022474782974,2.2952408969522544,1,1,1,1.4932154526620702,-0.17505458220853573,2.2952408969522544,0
126,1,1,-0.28295594585731665,0.0016634560709983834,-1.4315164449293183,1,1,1,-0.4911585811660695,-0.28295594585731665,-1.4315164449293183,0
127,1,1,-0.22744903334335986,0.00021024632676457734,-1.248812623443333,1,1,1,-0.8934840770703417,-0.22744903334335986,-1.248812623443333,0
128,1,0,0.7904817579775766,-0.018934212477706866,0.2902124324120723,0,1,0,-1.5982773605429945,0.7904817579775766,0.2902124324120723,1
129,1,0,-0.1924140647548541,-0.003201637420566967,-0.2629042776024287,0,1,0,1.1140266671932995,-0.1924140647548541,-0.2629042776024287,1
130,1,1,-0.18762779473125554,0.0010948087797764592,1.1990441729855437,1,1,1,0.7966599688775302,-0.18762779473125554,1.1990441729855437,0
131,1,0,-0.19226043916936045,-0.011731346788895827,-1.108249420902804,1,1,0,1.5670832795418368,-0.19226043916936045,-1.108249420902804,0
132,0,0,-0.3172588104427596,-0.0012429634174692286,0.23577970153032382,1,0,0,0.2751514278156656,-0.3172588104427596,0.23577970153032382,0
133,1,0,-0.22082294497680538,-0.9724925368245154,0.5997700006828582,1,1,0,0.1762168958055727,-0.22082294497680538,0.5997700006828582,0
134,1,1,0.2658615633554675,0.0004629784561965436,0.3264482681628336,0,1,1,0.02198604736502345,0.2658615633554675,0.3264482681628336,1
135,1,0,-0.23860195120397115,-0.012363177112475743,-0.7294103434405693,0,1,0,-0.41263137332349753,-0.23860195120397115,-0.7294103434405693,1
136,1,0,-0.3076601461755739,-0.002632990129345043,-0.016693679171169377,0,1,0,0.03553155613990456,-0.3076601461755739,-0.016693679171169377,1
137,0,1,-0.2612499051585759,0.000399795423838552,0.49442144861089865,0,0,1,-0.326616259444391,-0.2612499051585759,0.49442144861089865,1
138,1,0,-0.1732901969581421,-0.007687632717984367,2.6095996694013652,0,1,0,0.9194924836590257,-0.1732901969581421,2.6095996694013652,1
139,1,0,-0.25906810133689473,-0.007561266653268384,2.037826614478114,1,1,0,1.8681046813386641,-0.25906810133689473,2.037826614478114,0
140,1,1,-0.32186080752006485,0.006212634400773776,-0.7811943337893033,0,1,1,-0.42005838618216323,-0.32186080752006485,-0.7811943337893033,1
141,1,1,-0.25108470091046914,0.0013475409092084255,1.1758816981766116,0,1,1,1.1110625765214208,-0.25108470091046914,1.1758816981766116,1
142,1,1,0.1948253998554229,0.006907647756711682,0.2728623370786228,0,1,1,0.05020534741585613,0.1948253998554229,0.2728623370786228,1
143,0,0,-0.38416841870434004,-0.04983071530076474,-0.08600296623043868,1,0,0,-0.6664472903404984,-0.38416841870434004,-0.08600296623043868,0
144,1,0,-0.24152268641107147,-0.0032648204529249583,-0.08079071149853993,1,1,0,-0.5576074993183412,-0.24152268641107147,-0.08079071149853993,0
145,1,1,-0.2150684004154669,0.002295286394578299,0.2557118338662774,0,1,1,-0.12415376649990123,-0.2150684004154669,0.2557118338662774,1
146,1,1,-0.3197086553992564,0.001979371232788341,0.3965432399223362,1,1,1,-0.21689679886593924,-0.3197086553992564,0.3965432399223362,0
147,1,1,-0.11085588093630346,0.0012211748444924423,0.13325275527404118,0,1,1,-0.6729337266503965,-0.11085588093630346,0.13325275527404118,1
148,1,1,-0.3457581060685552,0.0010948087797764592,0.48176186692217216,1,1,1,1.2757454574776426,-0.3457581060685552,0.48176186692217216,0
149,0,0,-0.3732732250452059,-0.026200261198875894,1.949889188232326,1,0,0,0.5810700490474566,-0.3732732250452059,1.949889188232326,0
150,1,0,-0.37104207442104903,-0.0016852446439751694,-0.7921919062564118,0,1,0,1.089783730999675,-0.37104207442104903,-0.7921919062564118,1
151,1,1,-0.21518441850314757,0.0007788936179865014,-0.7656135880185581,0,1,1,0.295302275745808,-0.21518441850314757,-0.7656135880185581,1
152,1,1,-0.1573768772670825,0.005075339818329927,0.32153338097130174,1,1,1,0.7164570460054727,-0.1573768772670825,0.32153338097130174,0
153,1,0,-0.21693524381358342,-0.0022538919351970934,-0.94879758265664,0,1,0,1.302100032473297,-0.21693524381358342,-0.94879758265664,1
154,0,1,-0.408998944561141,0.00400122826824407,-1.495392521815569,0,0,1,1.4143097971230931,-0.408998944561141,-1.495392521815569,0
155,1,1,-0.3600292316884491,0.0034957640093801383,0.45793713148670095,0,1,1,1.0311755169027146,-0.3600292316884491,0.45793713148670095,1
156,1,1,-0.31267611020308655,0.0014107239415664169,0.5946035322277132,1,1,1,-1.0539280196101088,-0.31267611020308655,0.5946035322277132,0
157,1,1,0.31461372927535436,0.01360504918665879,-1.2596855585495845,0,1,1,-0.1888630855405666,0.31461372927535436,-1.2596855585495845,0
158,1,1,0.21370710419294495,0.001284357876850434,-0.6679738117083981,1,1,1,-1.6143133940529688,0.21370710419294495,-0.6679738117083981,0
159,1,1,-0.3766436951000805,0.002863933685800223,-0.7977633121069457,0,1,1,0.10462595461762222,-0.3766436951000805,-0.7977633121069457,1
160,1,0,-0.2192112180994049,-0.6486794959898087,0.6645680163307907,0,1,0,-1.1322003266222116,-0.2192112180994049,0.6645680163307907,1
161,1,0,0.7117797147430548,-0.06095092899577126,0.49053587844096436,0,1,0,1.2669996799085854,0.7117797147430548,0.49053587844096436,0
162,1,0,-0.27935463441899305,-0.0016220616116171779,-0.8296873181227069,0,1,0,-0.4084358177303417,-0.27935463441899305,-0.8296873181227069,1
163,0,0,-0.4258223732852546,-0.0014325125145432033,0.546749457465901,1,0,0,-1.329113190609749,-0.4258223732852546,0.546749457465901,0
164,1,1,0.10228886106764747,0.0010316257474184676,-0.44832235208830024,1,1,1,-0.3857091690287425,0.10228886106764747,-0.44832235208830024,0
165,0,0,-0.09920432710179043,-0.007245351491478427,-2.0885535841638063,1,0,0,-1.7498545564439243,-0.09920432710179043,-2.0885535841638063,0
166,1,0,0.017162933774025356,-0.0009270482556792707,-0.05965937808844054,0,1,0,-0.4758992259936713,0.017162933774025356,-0.05965937808844054,1
167,1,1,-0.23038798438588598,0.020239267584247902,-0.30412273124279066,0,1,1,0.7919754366115672,-0.23038798438588598,-0.30412273124279066,0
168,1,0,-0.23889822166833524,-0.001937976773407136,0.2470096164519506,0,1,0,-0.31608214067201285,-0.23889822166833524,0.2470096164519506,0
169,1,0,-0.3312673473512474,-0.11193963610867044,-1.8552674069010113,1,1,0,-2.7079539516084696,-0.3312673473512474,-1.8552674069010113,0
170,1,0,2.7563846802923715,-0.0004215839968153383,1.2488487865973552,1,1,0,-0.3383134718166302,2.7563846802923715,1.2488487865973552,0
171,1,1,0.11377206303222322,0.00027342935912256887,0.22921164480243877,0,1,1,1.2371189427412654,0.11377206303222322,0.22921164480243877,1
172,1,0,-0.15675893278650332,-0.0004215839968153383,-0.20611099823551773,0,1,0,0.5437001436234395,-0.15675893278650332,-0.20611099823551773,1
173,1,1,-0.005433302759229939,0.0007788936179865014,-0.6403820091537312,0,1,1,-0.3857091690287425,-0.005433302759229939,-0.6403820091537312,1
174,1,1,0.44946253402280545,0.002548018524010265,-0.25491504358126227,0,1,1,0.3846959164518804,0.44946253402280545,-0.25491504358126227,1
175,1,0,-0.23565732964109906,-0.0055394096178126555,-0.13341111667194908,0,1,0,-1.8191654501807466,-0.23565732964109906,-0.13341111667194908,0
176,1,0,-0.2254396683385543,-0.0010534143203952539,2.954660259686341,0,1,0,-1.345607668408004,-0.2254396683385543,2.954660259686341,0
177,1,0,0.30345594690481414,-0.0004215839968153383,0.4630522693571938,0,1,0,0.20303846191972386,0.30345594690481414,0.4630522693571938,1
178,0,1,-0.4019676320867855,0.006212634400773776,-1.3119995287099804,1,0,1,0.4759654723985367,-0.4019676320867855,-1.3119995287099804,0
179,1,1,-0.3347740710965089,0.07615625122107042,-0.6823003172040399,0,1,1,1.5106264740860964,-0.3347740710965089,-0.6823003172040399,1
180,1,1,0.6678389948192055,0.000968442715060476,0.17679195545163032,0,1,1,-0.22505508962942722,0.6678389948192055,0.17679195545163032,1
181,1,1,0.35523389489533436,0.7640931075348826,0.3822883202259726,1,1,1,1.5390577165387938,0.35523389489533436,0.3822883202259726,0
182,1,0,0.17723480093386623,-0.0011165973527532457,-0.3452393011018414,1,1,0,-0.809018944332663,0.17723480093386623,-0.3452393011018414,0
183,1,1,0.3364575218956102,0.0032430318799481716,-1.108331202675616,0,1,1,0.24645000458443755,0.3364575218956102,-1.108331202675616,1
184,1,0,-0.3102902055788522,-0.021903814998532466,0.9025980565999318,1,1,0,0.4869068822966146,-0.3102902055788522,0.9025980565999318,0
185,0,0,-0.29575432924313944,-0.07352435243501158,-0.7805602732390038,1,0,0,-0.36410837184632755,-0.29575432924313944,-0.7805602732390038,0
186,1,0,-0.07678610508100175,-0.0013630111789494125,-0.8963355102794445,0,1,0,-0.013199134652883126,-0.07678610508100175,-0.8963355102794445,1
187,0,1,-0.34957657567818856,0.005833536206625826,-1.0737264978368728,0,0,1,1.1032173189578574,-0.34957657567818856,-1.0737264978368728,1
188,1,0,-0.2492857141069945,-0.6347792288710506,4.933256759146298,1,1,0,-0.23816549302230214,-0.2492857141069945,4.933256759146298,0
189,1,1,-0.3848728149140066,0.0064021834978477505,-0.3921314840316176,1,1,1,1.1408144792017019,-0.3848728149140066,-0.3921314840316176,0
190,1,1,0.31971909408183335,0.0034325809770221465,-1.3213616434673736,1,1,1,-0.7398566347804633,0.31971909408183335,-1.3213616434673736,0
191,1,0,0.5231871879401282,-0.015838243892165278,-0.8021126756036623,0,1,0,0.11116365696529742,0.5231871879401282,-0.8021126756036623,1
192,1,0,-0.20828146081709167,-0.0007374991586052961,0.10342500188856056,0,1,0,0.7106243134568901,-0.20828146081709167,0.10342500188856056,1
193,1,1,-0.35197151710156965,0.11646702586546905,-0.1502213735833244,0,1,1,-0.029168090705047865,-0.35197151710156965,-0.1502213735833244,1
194,1,0,-0.23493868127076356,-0.0059816908443185955,1.221474456370624,1,1,0,-0.34344533521191084,-0.23493868127076356,1.221474456370624,0
195,1,1,-0.17625838247261913,0.005075339818329927,-0.8115274959910627,1,1,1,-1.0189842460814778,-0.17625838247261913,-0.8115274959910627,0
196,1,1,-0.2137582162588057,0.0032430318799481716,-0.7523157616142657,1,1,1,0.7294471329861341,-0.2137582162588057,-0.7523157616142657,0
197,1,1,-0.26995846841600196,0.000399795423838552,-0.20603808997542294,0,1,1,-0.30020049749734407,-0.26995846841600196,-0.20603808997542294,0
198,1,1,-0.21107512137008422,0.01082499576290716,-0.013985840359858859,1,1,1,0.06506148604225256,-0.21107512137008422,-0.013985840359858859,0
199,1,0,-0.07238741227830815,-0.00414938290593684,3.279352176821022,1,1,0,-0.5545907651352282,-0.07238741227830815,3.279352176821022,0
200,1,1,0.8515967013239994,0.002548018524010265,0.06183821498241125,1,1,1,-0.30020049749734407,0.8515967013239994,0.06183821498241125,0
201,1,1,-0.07006011883510803,0.0010316257474184676,-0.6543906873809751,1,1,1,0.37707656262827477,-0.07006011883510803,-0.6543906873809751,0
202,1,1,-0.2780386754347554,0.0029271167181582143,-0.6194371816126949,0,1,1,-0.5302000703852529,-0.2780386754347554,-0.6194371816126949,1
204,1,0,-0.16997658382633518,-0.0016220616116171779,-0.530799958506443,0,1,0,0.3023676904824185,-0.16997658382633518,-0.530799958506443,1
205,1,1,0.3653116422719512,0.0003366123914805604,0.10938708003228853,0,1,1,0.5789026224945654,0.3653116422719512,0.10938708003228853,1
206,1,0,-0.2876021597178548,-0.005097128391306714,0.052680634976568594,1,1,0,-0.026930921804089694,-0.2876021597178548,0.052680634976568594,0
207,1,0,-0.10119681330021499,-0.0056025926501706465,1.2941758890615753,1,1,0,0.923267801668154,-0.10119681330021499,1.2941758890615753,0
208,0,1,-0.2798892279399716,0.0030534827828741975,0.3648313211837895,1,0,1,-0.5906733188706811,-0.2798892279399716,0.3648313211837895,0
209,1,1,-0.3141192481486624,0.002105737297504324,-0.16460036579846823,1,1,1,0.6965336016525366,-0.3141192481486624,-0.16460036579846823,0
210,1,0,0.167383921783466,-0.0010534143203952539,0.20885578631058055,1,1,0,0.9855862188885782,0.167383921783466,0.20885578631058055,0
211,1,0,-0.1817575829338297,-0.000611133093889313,-0.2082647323240402,1,1,0,1.0158961903513164,-0.1817575829338297,-0.2082647323240402,0
212,1,1,-0.08379541821220898,0.0064021834978477505,-0.45950982309793287,1,1,1,1.2669996799085854,-0.08379541821220898,-0.45950982309793287,0
213,1,1,-0.2624793650013486,0.0006525275532705183,-0.32008619110912884,0,1,1,0.21950005107566278,-0.2624793650013486,-0.32008619110912884,1
214,1,1,-0.019395252265611083,0.0003366123914805604,-0.013339123943171563,0,1,1,-1.4030046586259357,-0.019395252265611083,-0.013339123943171563,1
216,1,0,-0.3191207608835207,-0.6145606585164933,0.7117888872555551,1,1,0,-1.4254021356938555,-0.3191207608835207,0.7117888872555551,0
218,1,0,-0.00998693921151097,-0.024873417519358072,-0.35777532657406425,1,1,0,0.15612014013572345,-0.00998693921151097,-0.35777532657406425,0
219,0,1,-0.34866769936694897,0.004633058591823986,-0.5594397221859627,1,0,1,0.7298669031106476,-0.34866769936694897,-0.5594397221859627,0
220,1,0,-0.1851301770632152,-0.0013061464498272202,0.42773208508745164,1,1,0,1.3162374330481124,-0.1851301770632152,0.42773208508745164,0
221,1,1,-0.21453320001605666,0.0012211748444924423,0.8093513324770435,0,1,1,0.8592113129278895,-0.21453320001605666,0.8093513324770435,1
222,1,0,0.3676644246092817,-0.0025698070969870515,-0.8054733335407077,1,1,0,-1.3357981017935414,0.3676644246092817,-0.8054733335407077,0
223,1,0,-0.1083637346566237,-0.011604980724179845,1.3613719271578226,0,1,0,-0.6562424956258334,-0.1083637346566237,1.3613719271578226,1
224,1,1,-0.34380115070581024,0.0033062149123061634,0.04661763456140374,0,1,1,0.295302275745808,-0.34380115070581024,0.04661763456140374,1
225,1,0,-0.14082728347031198,-0.0005479500615313214,-0.8163551941142687,1,1,0,-1.4631718842567087,-0.14082728347031198,-0.8163551941142687,0
226,1,1,19.800567444213073,0.002548018524010265,0.28382189632060306,0,1,1,-2.6894456477679105,19.800567444213073,0.28382189632060306,1
227,1,1,-0.05282136716679134,0.010509080601117202,-0.08479075610503255,0,1,1,0.3998975466326893,-0.05282136716679134,-0.08479075610503255,1
228,0,0,-0.22035617960304216,-0.020261056157224688,-0.994728460135267,1,0,0,1.2661068732739313,-0.22035617960304216,-0.994728460135267,0
229,1,0,0.26405120706387436,-0.003012088323492992,-0.1514436532886192,0,1,0,-1.7998213714493654,0.26405120706387436,-0.1514436532886192,1
230,1,0,-0.25459461076749695,-0.0006743161262473046,0.20254211380691553,0,1,0,-1.5512499155150423,-0.25459461076749695,0.20254211380691553,1
231,1,1,0.03794977174571251,0.000399795423838552,0.1331286139845361,0,1,1,0.4869068822966146,0.03794977174571251,0.1331286139845361,1
232,1,1,0.27268084767775597,0.006718098659637707,-0.5782228508584571,1,1,1,1.440466742228587,0.27268084767775597,-0.5782228508584571,0
233,1,1,-0.14739546235901882,8.388026204859419e-05,0.14347898392145023,0,1,1,-0.5520962464887454,-0.14739546235901882,0.14347898392145023,1
234,1,1,-0.15379763154923562,0.005454438012477877,-0.8955684759268513,1,1,1,-0.2611663041682406,-0.15379763154923562,-0.8955684759268513,0
235,0,1,-0.3697808956977457,0.001284357876850434,-1.095193594687317,1,0,1,-0.33475308567388756,-0.3697808956977457,-1.095193594687317,0
236,1,0,-0.2629341255611352,-0.013563654727277582,2.0813474280280095,0,1,0,-0.042693288873178414,-0.2629341255611352,2.0813474280280095,0
237,1,0,-0.26431956264332435,-0.0025698070969870515,0.0374815769365427,0,1,0,0.11116365696529742,-0.26431956264332435,0.0374815769365427,1
238,1,1,-0.06103900370289305,0.0010948087797764592,-0.5080539754820287,0,1,1,0.37507604021892177,-0.06103900370289305,-0.5080539754820287,1
239,1,1,-0.14259197215992145,0.0053280719477618935,-0.9315520125715612,1,1,1,-0.4115019165269743,-0.14259197215992145,-0.9315520125715612,0
240,1,0,1.8006817051244202,-0.03422450630834082,-0.24706737814554747,1,1,0,-0.7925126966214587,1.8006817051244202,-0.24706737814554747,0
241,1,0,0.18419161908073342,-0.0009902312880372623,0.12501213413290005,0,1,0,1.0609342342122536,0.18419161908073342,0.12501213413290005,1
242,1,1,-0.2899738406288468,0.0032430318799481716,0.6559657892893682,1,1,1,-0.9417720151379164,-0.2899738406288468,0.6559657892893682,0
243,1,0,-0.1986224121459542,-0.0004215839968153383,-1.6285881406433056,0,1,0,-0.026930921804089694,-0.1986224121459542,-1.6285881406433056,0
244,1,1,0.13684270781449068,-7.407731884638472e-05,0.17475816642298125,0,1,1,1.8083152898512047,0.13684270781449068,0.17475816642298125,1
245,0,1,-0.28535690865263696,0.0014107239415664169,-0.3046330100759868,0,0,1,-0.1888630855405666,-0.28535690865263696,-0.3046330100759868,1
246,1,1,1.4835000685699475,0.0007788936179865014,0.19522022941731001,1,1,1,-1.8191654501807466,1.4835000685699475,0.19522022941731001,0
247,0,0,-0.3410168683210822,-0.0004215839968153383,-0.8532620385686537,1,0,0,-0.7952872380435015,-0.3410168683210822,-0.8532620385686537,0
248,1,0,-0.2401199153636776,-0.1549040981121047,-0.34263247509255157,0,1,0,0.6781881179523929,-0.2401199153636776,-0.34263247509255157,1
249,1,1,0.17947466595300293,-0.00010566883502538048,0.28906211895333583,0,1,1,0.6087411054977534,0.17947466595300293,0.28906211895333583,1
250,1,1,-0.13356334690711447,-0.00010566883502538048,-0.6435062143352451,1,1,1,1.1408144792017019,-0.13356334690711447,-0.6435062143352451,0
251,1,1,-0.372911781526765,0.01404733041316473,-0.5308688827611396,0,1,1,1.0203934003040964,-0.372911781526765,-0.5308688827611396,1
252,1,0,-0.24270794843556226,-0.006929436329688469,-0.6476493653359671,1,1,0,-0.9604637747951625,-0.24270794843556226,-0.6476493653359671,0
253,1,1,0.0003522494969770125,0.01739603112813828,-0.7017166057396091,1,1,1,0.9653650295131746,0.0003522494969770125,-0.7017166057396091,0
254,1,1,0.1223269058794007,0.0007788936179865014,-1.2617151089633092,1,1,1,0.923267801668154,0.1223269058794007,-1.2617151089633092,0
255,1,0,-0.20410997760973246,-0.003138454388208975,0.36569657567153707,0,1,0,0.3116804181804585,-0.20410997760973246,0.36569657567153707,1
256,1,1,-0.29641997057545816,0.000399795423838552,0.9094723573391781,1,1,1,0.4759654723985367,-0.29641997057545816,0.9094723573391781,0
257,1,1,0.3833346515585529,0.0038116791711700964,0.31993420493357083,1,1,1,-0.24977452195133568,0.3833346515585529,0.31993420493357083,0
258,1,0,-0.11709749285143985,-0.0006743161262473046,-0.07620373846836803,1,1,0,-1.326096734439483,-0.11709749285143985,-0.07620373846836803,0
259,1,0,-0.34705554577815123,-4.62440862408407,0.14456276157386003,0,1,0,-0.4741055949934456,-0.34705554577815123,0.14456276157386003,1
260,0,0,-0.362603609995621,-0.011162699497673904,-0.5969499972737256,1,0,0,-0.09271191724387445,-0.362603609995621,-0.5969499972737256,0
261,1,0,-0.2290375755681752,-0.009204025494576164,0.8520351748260342,1,1,0,1.2908401013284616,-0.2290375755681752,0.8520351748260342,0
262,1,1,0.1480777439128882,0.0037484961388121046,-0.5911933180217805,1,1,1,-1.8443287928194494,0.1480777439128882,-0.5911933180217805,0
263,1,1,-0.32705225423908696,0.0014739069739244084,-0.7117047410962206,1,1,1,-1.336776343358559,-0.32705225423908696,-0.7117047410962206,0
264,1,1,2.098062093245199,0.004443509494750012,0.18421123105490633,1,1,1,-1.0131734081047996,2.098062093245199,0.18421123105490633,0
265,1,0,5.5741829031047345,-0.004023016841220857,-0.3372083292144621,0,1,0,0.04747190413126074,5.5741829031047345,-0.3372083292144621,1
266,1,1,0.19356237204939808,0.0010316257474184676,-0.7060675364312867,0,1,1,-0.40953634095224367,0.19356237204939808,-0.7060675364312867,0
267,0,0,-0.3003517083548786,-0.0004215839968153383,0.1666787112423287,1,0,0,1.3444106406988312,-0.3003517083548786,0.1666787112423287,0
269,0,1,-0.38808378024858076,0.0007157105856285097,-0.6804613510574296,1,0,1,1.4932154526620702,-0.38808378024858076,-0.6804613510574296,0
270,0,0,-0.3197922813506463,-0.07384026759680153,2.5356065796276313,1,0,0,0.1762168958055727,-0.3197922813506463,2.5356065796276313,0
271,1,0,-0.2405713475745655,-0.07838944592657693,3.9294687179372705,0,1,0,-0.9227395615102291,-0.2405713475745655,3.9294687179372705,1
272,1,1,-0.2645879735946843,8.388026204859419e-05,-0.8084838688955946,1,1,1,-0.641163504309298,-0.2645879735946843,-0.8084838688955946,0
273,1,1,-0.2097169748523696,0.007034013821427665,-0.21342801268191006,1,1,1,1.2579630159912134,-0.2097169748523696,-0.21342801268191006,0
274,1,0,-0.3256619905768709,-0.001937976773407136,0.06155908581880222,0,1,0,-0.15843265829357467,-0.3256619905768709,0.06155908581880222,1
275,1,1,4.411648210370922,0.017459214160496273,-0.05486293288457147,0,1,1,-1.0374075325304644,4.411648210370922,-0.05486293288457147,1
276,1,1,-0.37469587136123716,0.003874862203528088,-0.7753572926469934,0,1,1,-1.2012622787156757,-0.37469587136123716,-0.7753572926469934,0
277,1,0,-0.12832953248758097,-0.0004215839968153383,-0.8262300805136358,0,1,0,-0.33475308567388756,-0.12832953248758097,-0.8262300805136358,1
278,1,0,-0.3833678417457282,-0.011478614659463862,-0.278952646091415,1,1,0,-0.47724323488896203,-0.3833678417457282,-0.278952646091415,0
279,1,0,-0.1869944412279971,-0.0004215839968153383,-0.25783157046515676,0,1,0,-0.0027289441736576795,-0.1869944412279971,-0.25783157046515676,1
280,1,1,-0.16804134333247361,0.003938045235886079,-0.9357955615941338,1,1,1,0.887547936313413,-0.16804134333247361,-0.9357955615941338,0
281,1,1,-0.36736015245854287,0.0057071701419098425,-0.46673165023277413,1,1,1,-1.7164520617826449,-0.36736015245854287,-0.46673165023277413,0
282,1,1,-0.2093623207863831,0.002863933685800223,0.1710114827439505,0,1,1,1.5670832795418368,-0.2093623207863831,0.1710114827439505,1
283,1,1,-0.21747088040686646,0.0005893445209125267,-0.0328399915803351,0,1,1,-0.5999746782028343,-0.21747088040686646,-0.0328399915803351,1
284,1,0,-0.27886936873553914,-0.06613193764912657,0.9712390826078015,0,1,0,0.5887759267414465,-0.27886936873553914,0.9712390826078015,0
285,1,1,-0.18399330411117512,0.0012211748444924423,-1.1262982627627494,1,1,1,-2.056977612752655,-0.18399330411117512,-1.1262982627627494,0
287,0,0,-0.3235497501954207,-0.012173628015401769,0.4854588685262359,1,0,0,-1.4188356330121945,-0.3235497501954207,0.4854588685262359,0
288,1,1,-0.16647806242237678,0.001284357876850434,-2.086216587822577,0,1,1,-0.5457142977142388,-0.16647806242237678,-2.086216587822577,1
289,1,1,-0.17346939678004558,0.06750017578802558,-1.6193349280171603,1,1,1,-0.8971413411794916,-0.17346939678004558,-1.6193349280171603,0
290,1,1,0.06947521925868577,0.002232103362220307,-0.8485805174462304,0,1,1,-0.6664472903404984,0.06947521925868577,-0.8485805174462304,1
291,1,1,2.56648736486134,0.009245419953957371,-0.021637514106352392,1,1,1,0.5887759267414465,2.56648736486134,-0.021637514106352392,0
292,1,0,1.616683304944138,-0.009456757624008131,-0.36405226666988744,0,1,0,0.05533966167797454,1.616683304944138,-0.36405226666988744,1
293,1,0,-0.3193403086386552,-0.0013061464498272202,-1.1813761313770081,0,1,0,0.5214395286243758,-0.3193403086386552,-1.1813761313770081,0
294,1,0,-0.1727029282857891,-0.04913570194482683,0.7416957192022056,1,1,0,0.8886320470218363,-0.1727029282857891,0.7416957192022056,0
295,1,1,-0.35101014580599,0.000968442715060476,1.5314595090842116,1,1,1,1.3400345907713336,-0.35101014580599,1.5314595090842116,0
296,1,1,-0.3245791582526765,0.004696241624181978,1.206331896750982,0,1,1,-1.4173024190842365,-0.3245791582526765,1.206331896750982,1
297,1,0,-0.15637468391449713,-0.024494319325210123,-0.01152615318709411,1,1,0,-0.8194549675305121,-0.15637468391449713,-0.01152615318709411,0
298,0,1,-0.4243488629706684,0.0018530051680723577,0.11626379886541509,0,0,1,0.3541933410456084,-0.4243488629706684,0.11626379886541509,0
299,1,0,-0.24812961069465064,-0.023167475645692298,2.2750383132167955,0,1,0,-0.9053180855372503,-0.24812961069465064,2.2750383132167955,1
300,1,0,-0.006428061851027259,-0.0035807356147149164,-0.6999850181533176,1,1,0,1.2905593717494883,-0.006428061851027259,-0.6999850181533176,0
301,1,0,-0.2326325053004907,-0.004402115035368807,0.06684272992684742,0,1,0,0.9653650295131746,-0.2326325053004907,0.06684272992684742,1
302,1,0,-0.07424479216588072,-0.0006743161262473046,0.3647496355829253,1,1,0,-1.7498545564439243,-0.07424479216588072,0.3647496355829253,0
303,1,0,-0.26578638781268654,-0.23988527663360334,-0.324794489602972,1,1,0,0.44485171302622073,-0.26578638781268654,-0.324794489602972,0
304,0,1,-0.4183679243068881,-0.00023203489974136363,-0.4666240364311907,1,0,1,0.9541601761642194,-0.4183679243068881,-0.4666240364311907,0
305,1,1,-0.07770846547239517,0.013668232219016781,0.5055760549090333,1,1,1,-2.2401026296950555,-0.07770846547239517,0.5055760549090333,0
306,1,0,-0.3078698321561937,-0.3428104363447716,1.066767100346127,1,1,0,0.3454508828750418,-0.3078698321561937,1.066767100346127,0
307,1,0,-0.16806081085466473,-0.005918507811960605,-1.0324610589408523,0,1,0,1.8908848263055134,-0.16806081085466473,-1.0324610589408523,1
308,1,1,0.27840391042045126,0.0007788936179865014,-0.6296212754691892,1,1,1,0.2453647791840029,0.27840391042045126,-0.6296212754691892,0
309,1,1,-0.05640682390608739,0.00027342935912256887,-0.9534014505540415,0,1,1,0.37379976687242333,-0.05640682390608739,-0.9534014505540415,1
310,1,0,-0.31354245761173133,-0.0004215839968153383,1.6357315425328984,1,1,0,-0.34661194128642847,-0.31354245761173133,1.6357315425328984,0
311,1,1,0.08294627049116905,0.014363245574954686,-1.458408608240607,0,1,1,0.5746381537033481,0.08294627049116905,-1.458408608240607,1
312,1,0,-0.3333189093720055,-0.0008006821909632877,-0.7061509074672769,0,1,0,-3.008541028065506,-0.3333189093720055,-0.7061509074672769,0
313,0,1,-0.43875059072555417,0.0187860578400141,-0.529903696998684,1,0,1,-0.2701012118886199,-0.43875059072555417,-0.529903696998684,0
314,1,1,-0.06716044420608198,0.0003366123914805604,-0.4094703053170191,0,1,1,-0.641163504309298,-0.06716044420608198,-0.4094703053170191,1
315,1,1,-0.24572890392616867,0.0014739069739244084,1.0758294443133427,0,1,1,1.2908401013284616,-0.24572890392616867,1.0758294443133427,1
316,1,1,-0.281557356581616,0.002674384588726248,-0.3795941321175562,1,1,1,-0.40953634095224367,-0.281557356581616,-0.3795941321175562,0
317,1,1,0.23592656404488405,0.002105737297504324,-0.01509254403458778,0,1,1,0.2981779525381188,0.23592656404488405,-0.01509254403458778,1
318,1,0,-0.3344665733811588,-0.002822539226419018,-1.1158690958264745,0,1,0,1.7936299390839252,-0.3344665733811588,-1.1158690958264745,1
319,1,0,0.42623761884671074,-0.005160311423664706,2.607514160660752,1,1,0,-1.5145345795842529,0.42623761884671074,2.607514160660752,0
320,1,0,0.09985363808836387,-0.002443441032271068,-0.6454956716791671,0,1,0,-0.4084358177303417,0.09985363808836387,-0.6454956716791671,1
321,1,1,-0.1587849964306555,-0.00023203489974136363,-0.9210740664424006,0,1,1,1.0953862234342306,-0.1587849964306555,-0.9210740664424006,1
322,1,0,-0.18981664403222945,-0.002064342838123119,0.41994891426845127,1,1,0,0.7944105688456763,-0.18981664403222945,0.41994891426845127,0
323,0,1,-0.35621595847538695,0.019481071195952004,-0.44733451422832854,0,0,1,2.5715664611000117,-0.35621595847538695,-0.44733451422832854,1
324,1,1,-0.18110255249158982,0.0035589470417381297,0.12205710724788085,0,1,1,1.2060516706912185,-0.18110255249158982,0.12205710724788085,0
325,1,0,-0.013709218589723593,-0.019123761574780837,-1.0911172926067694,1,1,0,-0.8660830024812549,-0.013709218589723593,-1.0911172926067694,0
326,1,0,0.7765275746186259,-0.010783601303525953,0.5591464744296221,1,1,0,0.18703112450684622,0.7765275746186259,0.5591464744296221,0
327,1,1,-0.16691985095568632,0.003874862203528088,-0.19475749964041872,1,1,1,-2.7079539516084696,-0.16691985095568632,-0.19475749964041872,0
328,1,1,0.1408210424784933,0.006086268336057792,0.29203305329755036,0,1,1,-1.0253698571338712,0.1408210424784933,0.29203305329755036,1
329,0,0,-0.248213416813075,-0.0009902312880372623,0.41039954700986564,1,0,0,1.5381879640005407,-0.248213416813075,0.41039954700986564,0
331,1,0,-0.1026925410548858,-0.0032648204529249583,0.5760463598260633,1,1,0,-0.7518561557849384,-0.1026925410548858,0.5760463598260633,0
332,0,0,-0.32542491920702177,-0.0048443962618747475,-0.19928336590144832,0,0,0,1.0013634713189234,-0.32542491920702177,-0.19928336590144832,1
333,1,0,-0.25780703640329733,-0.3302370129055313,-1.247928531814305,1,1,0,-0.6842608906963802,-0.25780703640329733,-1.247928531814305,0
334,0,0,-0.25749943438071676,-0.006108056909034579,1.2597157984664227,1,0,0,-0.25400143977983336,-0.25749943438071676,1.2597157984664227,0
335,0,0,-0.3154662148277685,-0.0023802579999130766,0.10745476885597828,1,0,0,-0.19117188708138896,-0.3154662148277685,0.10745476885597828,0
336,0,1,-0.4235473093170806,-0.00010566883502538048,0.6600821584797019,0,0,1,-0.734559468368311,-0.4235473093170806,0.6600821584797019,1
337,1,1,1.3354171701701565,0.0009052596827024844,-1.287207552496081,0,1,1,0.8297354322361716,1.3354171701701565,-1.287207552496081,1
338,1,1,-0.19205557976876764,0.005643987109551851,0.3860930951508118,1,1,1,0.2807791688724917,-0.19205557976876764,0.3860930951508118,0
339,1,1,-0.21380868199338982,0.0034957640093801383,0.936594297765061,0,1,1,0.9869822571495107,-0.21380868199338982,0.936594297765061,1
340,0,0,-0.3207205493242731,-0.01558551176273331,1.190900902254937,1,0,0,0.42442089870251454,-0.3207205493242731,1.190900902254937,0
341,0,1,-0.31643952455999624,0.004443509494750012,-0.6230351190736338,0,0,1,0.20376247139864143,-0.31643952455999624,-0.6230351190736338,1
342,0,1,-0.3527277255573406,0.001726639103356375,0.9082358958012681,0,0,1,0.692274631887606,-0.3527277255573406,0.9082358958012681,1
343,0,1,-0.39226964837126577,0.0023584694269362903,0.661153484369816,1,0,1,-0.10328054941311386,-0.39226964837126577,0.661153484369816,0
344,1,1,-0.23945021553184703,0.003369397944664155,-0.642297316280737,0,1,1,-0.25639539303342807,-0.23945021553184703,-0.642297316280737,0
345,1,0,0.27945551695284077,-0.0007374991586052961,-0.027415697893785913,0,1,0,-0.1572565400686461,0.27945551695284077,-0.027415697893785913,1
346,1,0,-0.32895455261307904,-0.0004215839968153383,0.5086000432391387,1,1,0,0.6453374877592122,-0.32895455261307904,0.5086000432391387,0
347,1,1,0.4223093895832234,0.0005893445209125267,-0.19037286074347384,0,1,1,-0.7376753796745039,0.4223093895832234,-0.19037286074347384,1
348,1,0,0.3446454119060843,-0.0035807356147149164,-0.8727383429385677,1,1,0,-0.18618391890076055,0.3446454119060843,-0.8727383429385677,0
349,1,0,-0.2710048975167712,-0.0020011598057651275,-0.8971883402008324,0,1,0,-0.4355165423364609,-0.2710048975167712,-0.8971883402008324,1
350,1,1,0.7115379116179337,0.004443509494750012,1.0502373490563535,1,1,1,0.8297354322361716,0.7115379116179337,1.0502373490563535,0
351,1,1,0.33242124930633343,0.002105737297504324,-0.19241167010918947,1,1,1,-0.7925126966214587,0.33242124930633343,-0.19241167010918947,0
352,1,1,-0.21461969915752155,0.000968442715060476,0.5252898150209642,0,1,1,-0.5624158080474801,-0.21461969915752155,0.5252898150209642,0
353,1,1,-0.15886665002714248,0.0049489737536139436,-1.1688814143067945,0,1,1,-0.029168090705047865,-0.15886665002714248,-1.1688814143067945,1
354,1,1,0.166454193508613,-0.0003584009644573467,-1.230923363657338,0,1,1,-1.4129146802267325,0.166454193508613,-1.230923363657338,1
355,0,0,-0.38146601749551085,-0.0016852446439751694,-0.5199069847054716,1,0,0,-0.8934840770703417,-0.38146601749551085,-0.5199069847054716,0
356,1,1,2.850682569938382,0.34455777267781856,-0.04482445227191638,0,1,1,1.089783730999675,2.850682569938382,-0.04482445227191638,1
358,1,1,0.23758335164583652,0.0012654029671430366,-0.3968275827078358,1,1,1,-2.034614314574755,0.23758335164583652,-0.3968275827078358,0
359,1,0,0.40237368912948707,-0.005855324779602613,1.7173593531107874,1,1,0,1.2086658503731715,0.40237368912948707,1.7173593531107874,0
360,1,0,-0.2989309490514709,-0.007498083620910394,-0.7070297817293896,1,1,0,-0.24295408929702178,-0.2989309490514709,-0.7070297817293896,0
361,1,1,1.0783741138727696,0.0003366123914805604,-0.684792933597199,1,1,1,0.6019692922418707,1.0783741138727696,-0.684792933597199,0
362,1,0,-0.291021379179249,-0.008888110332786208,0.4646778240628341,1,1,0,1.031635545941111,-0.291021379179249,0.4646778240628341,0
363,1,1,0.027062372681435215,0.021376562166691752,-0.9198357908524563,0,1,1,-1.7164520617826449,0.027062372681435215,-0.9198357908524563,0
364,0,0,-0.3248497027610228,-0.006423972070824536,-0.14591784618444903,1,0,0,-0.0027289441736576795,-0.3248497027610228,-0.14591784618444903,0
365,1,0,-0.2898643180368801,-0.016596440280461176,0.49992902192388033,0,1,0,0.16721224579613644,-0.2898643180368801,0.49992902192388033,1
366,1,0,-0.30436032056313667,-0.15104993313826723,0.2639968761637687,1,1,0,0.9869822571495107,-0.30436032056313667,0.2639968761637687,0
367,1,0,0.29667960871404225,-0.002632990129345043,0.7501403372014414,1,1,0,1.0158961903513164,0.29667960871404225,0.7501403372014414,0
368,1,1,-0.06733674239048403,0.0009052596827024844,-0.07412496656618298,0,1,1,1.2297138314110279,-0.06733674239048403,-0.07412496656618298,1
369,1,1,-0.3040201177898045,0.0030534827828741975,0.6539990637375944,1,1,1,0.9521319860152465,-0.3040201177898045,0.6539990637375944,0
370,1,1,-0.261803150708853,0.00030502087530156466,-0.10450675600577289,0,1,1,-1.117535080976733,-0.261803150708853,-0.10450675600577289,1
371,1,1,-0.33208694615570206,0.0032430318799481716,-1.1662305527308054,1,1,1,-0.641163504309298,-0.33208694615570206,-1.1662305527308054,0
372,1,1,0.009336582106747099,0.0006525275532705183,-1.1767916207089597,1,1,1,0.06506148604225256,0.009336582106747099,-1.1767916207089597,0
373,0,0,-0.37408070524597803,-0.01672280634517716,1.1119301122240741,1,0,0,-0.6197765094144966,-0.37408070524597803,1.1119301122240741,0
374,1,1,-0.25931857144461823,-0.0002952179320993552,-0.6935754687839202,1,1,1,0.7944105688456763,-0.25931857144461823,-0.6935754687839202,0
375,0,0,-0.3439467541170351,-0.005665775682528637,-0.06736402179173971,1,0,0,0.15612014013572345,-0.3439467541170351,-0.06736402179173971,0
376,0,1,-0.25322967479732794,0.0020425542651463327,-0.7090962686675022,1,0,1,0.688345240363848,-0.25322967479732794,-0.7090962686675022,0
377,1,1,-0.22287681123910874,0.0013475409092084255,1.0291470803674638,1,1,1,-0.18167575348960377,-0.22287681123910874,1.0291470803674638,0
378,1,0,-0.15610859616963343,-0.0030752713558509837,-0.6727833096024024,0,1,0,-0.5631643232676768,-0.15610859616963343,-0.6727833096024024,0
379,0,0,-0.24012691343059286,-0.0074349005885524025,-0.4461272041503401,1,0,0,-0.49591095852293887,-0.24012691343059286,-0.4461272041503401,0
380,1,1,0.7367179520390028,0.012025473377709,-0.6757487749063993,0,1,1,0.12294084442636091,0.7367179520390028,-0.6757487749063993,1
381,1,1,-0.05553122160135956,0.0007788936179865014,-0.7861098835866381,0,1,1,-0.16994595116591776,-0.05553122160135956,-0.7861098835866381,1
382,1,1,-0.1997284860175867,0.0011579918121344508,6.275939214566974,0,1,1,0.26890895956602406,-0.1997284860175867,6.275939214566974,1
383,1,0,0.23637142490025395,-0.0004215839968153383,-0.8728123017527344,0,1,0,1.2086658503731715,0.23637142490025395,-0.8728123017527344,1
384,1,0,-0.16662029007232548,-0.023357024742766273,0.7957465311787856,0,1,0,-1.5993261265311718,-0.16662029007232548,0.7957465311787856,0
385,1,0,-0.24085174437495105,-0.016596440280461176,0.21018831782158673,1,1,0,-0.3750686127077514,-0.24085174437495105,0.21018831782158673,0
386,1,1,-0.23292778010492782,0.006023085303699801,0.2592250558129538,0,1,1,-0.28135698276809157,-0.23292778010492782,0.2592250558129538,1
387,1,0,-0.09692732870861552,-0.04370196116203955,-0.6762761819121581,1,1,0,0.139754944767463,-0.09692732870861552,-0.6762761819121581,0
388,1,1,-0.23523560602593682,-0.0002952179320993552,0.46390193180758726,1,1,1,0.688345240363848,-0.23523560602593682,0.46390193180758726,0
389,1,1,0.14860461869881386,0.015374174092682553,0.08558441760086682,1,1,1,-0.887382440850643,0.14860461869881386,0.08558441760086682,0
390,1,0,-0.22074097845862709,-0.0016852446439751694,-0.19123493247070952,0,1,0,1.2973145304721516,-0.22074097845862709,-0.19123493247070952,1
391,1,1,0.4885593778844244,0.001726639103356375,0.8956939528597015,1,1,1,-0.5986980756488167,0.4885593778844244,0.8956939528597015,0
392,1,0,-0.1806556718689395,-0.005855324779602613,0.4664842629931071,0,1,0,0.29188224218311676,-0.1806556718689395,0.4664842629931071,1
393,0,1,-0.3211178934949378,2.0697229690602657e-05,-0.4661910064663105,0,0,1,-0.6529871107082674,-0.3211178934949378,-0.4661910064663105,1
394,1,0,0.04510820628655326,-0.0016220616116171779,1.0777470399004931,1,1,0,1.2579630159912134,0.04510820628655326,1.0777470399004931,0
395,1,0,-0.04459768081132385,-0.0005479500615313214,0.012074994770271276,0,1,0,0.7106243134568901,-0.04459768081132385,0.012074994770271276,1
396,1,1,-0.12268436828107669,0.0004629784561965436,-1.0836240671249668,0,1,1,0.36813065974545944,-0.12268436828107669,-1.0836240671249668,1
397,1,1,-0.18539880611151152,0.0004629784561965436,0.7463338779448071,0,1,1,1.3841486445349225,-0.18539880611151152,0.7463338779448071,1
398,1,0,-0.2304562297620231,-0.26951811880950144,-0.16314877299286412,1,1,0,0.1762168958055727,-0.2304562297620231,-0.16314877299286412,0
399,1,0,0.09053728608161374,-0.004212565938294832,-1.0891779865696087,0,1,0,-0.8033105610800618,0.09053728608161374,-1.0891779865696087,1
402,0,1,-0.36065558712479223,0.003874862203528088,1.9473927978917682,1,0,1,-1.4186479131652938,-0.36065558712479223,1.9473927978917682,0
403,1,0,0.4161678177845587,-0.0021907089028391025,-1.621247698750492,0,1,0,0.26890895956602406,0.4161678177845587,-1.621247698750492,1
404,1,0,-0.29476209248982377,-0.03520384330988969,-0.38259597550827623,1,1,0,-0.9533660943196323,-0.29476209248982377,-0.38259597550827623,0
405,1,0,-0.3136416443054085,-0.0021907089028391025,0.0576204369753156,1,1,0,-0.497591946286592,-0.3136416443054085,0.0576204369753156,0
406,1,0,-0.3553553384819411,-0.016027792989239252,0.7234110117813541,1,1,0,0.6496256989396909,-0.3553553384819411,0.7234110117813541,0
407,0,1,-0.2670248180772775,0.0005893445209125267,-0.9869056126757372,0,0,1,-1.339171476572999,-0.2670248180772775,-0.9869056126757372,1
408,1,0,-0.19110299872797185,-0.013753203824351556,0.026608952873368397,0,1,0,-0.6529871107082674,-0.19110299872797185,0.026608952873368397,1
409,1,1,-0.30933365138082397,0.043680172589062774,0.9702578983765383,0,1,1,-1.1268915800733514,-0.30933365138082397,0.9702578983765383,1
411,1,0,0.869547899823678,-0.00857219517099625,0.6036003431321908,1,1,0,0.9085943581727861,0.869547899823678,0.6036003431321908,0
412,1,0,2.8226145752279987,-0.0004215839968153383,-0.1683088985467633,0,1,0,0.20303846191972386,2.8226145752279987,-0.1683088985467633,1
413,1,1,0.036274066606147626,0.014300062542596697,0.21538703793504627,1,1,1,-1.821104981120143,0.036274066606147626,0.21538703793504627,0
414,1,1,0.6668732710673737,8.388026204859419e-05,0.14770656038832547,0,1,1,0.15355404382175528,0.6668732710673737,0.14770656038832547,1
415,1,1,-0.25117402582963155,0.0004629784561965436,0.7808422375107212,0,1,1,0.21950005107566278,-0.25117402582963155,0.7808422375107212,1
416,1,0,-0.09499107358987599,-0.0004215839968153383,4.600017588413827,0,1,0,-0.08795292466064962,-0.09499107358987599,4.600017588413827,1
417,1,0,-0.18357303131476363,-2.0383902927038333,0.3407684646104841,1,1,0,0.6455793924512768,-0.18357303131476363,0.3407684646104841,0
418,1,0,-0.2735114097468258,-0.14195157647871642,-1.034022180469278,1,1,0,0.6650966640985166,-0.2735114097468258,-1.034022180469278,0
419,1,1,0.09293850490377245,0.004443509494750012,-1.550896005727885,0,1,1,-0.013199134652883126,0.09293850490377245,-1.550896005727885,1
420,1,1,-0.17960827555566972,0.00027342935912256887,-0.28453448594241776,1,1,1,0.12540987772940282,-0.17960827555566972,-0.28453448594241776,0
421,1,0,-0.24448554277432033,-0.005855324779602613,0.09973765597336232,0,1,0,-0.27492780260075017,-0.24448554277432033,0.09973765597336232,1
422,1,0,-0.21557813088569774,-0.00332800348528295,-0.7522778398449428,0,1,0,-0.10001802229362385,-0.21557813088569774,-0.7522778398449428,1
423,1,0,-0.3640738298912104,-4.968118001808308,0.15523946425608984,1,1,0,-2.7079539516084696,-0.3640738298912104,0.15523946425608984,0
424,1,1,0.3570965849691841,0.01733284809578029,1.4648960738333867,0,1,1,-1.146180694324205,0.3570965849691841,1.4648960738333867,1
425,1,0,1.8897497155782277,-0.0048443962618747475,-1.7408983436853696,1,1,0,1.2905593717494883,1.8897497155782277,-1.7408983436853696,0
426,1,0,-0.23867921441430395,-0.06145639325463519,-0.9108127382058285,1,1,0,-1.2694056508680578,-0.23867921441430395,-0.9108127382058285,0
427,1,0,-0.28230592216213807,-0.006803070264972486,-1.4131550110504754,1,1,0,-0.0027289441736576795,-0.28230592216213807,-1.4131550110504754,0
428,1,0,0.053748818124582536,-0.0020011598057651275,-0.4947457686857368,0,1,0,0.692274631887606,0.053748818124582536,-0.4947457686857368,1
429,1,0,0.4006577498463971,-0.0014325125145432033,0.07202771877569791,0,1,0,1.2478415363747888,0.4006577498463971,0.07202771877569791,0
430,0,0,-0.36544174335868485,-0.03580408211729061,-0.055521816003298856,1,0,0,0.2958206884763528,-0.36544174335868485,-0.055521816003298856,0
431,1,0,-0.37153546658600206,-0.0004215839968153383,1.4866925781318943,1,1,0,0.7103169578887296,-0.37153546658600206,1.4866925781318943,0
432,1,0,-0.4058587659061366,-0.04408105935618751,-0.09788160389579303,1,1,0,0.7209252164630096,-0.4058587659061366,-0.09788160389579303,0
433,1,0,-0.23292361729818556,-0.0008006821909632877,-0.9614196372100461,0,1,0,-0.8044805750605317,-0.23292361729818556,-0.9614196372100461,0
434,0,0,-0.28886325309887867,-0.009962221882872064,-0.7267537663302872,1,0,0,0.8886320470218363,-0.28886325309887867,-0.7267537663302872,0
435,1,0,-0.271912569553623,-0.007498083620910394,0.46702542313109563,1,1,0,-0.18167575348960377,-0.271912569553623,0.46702542313109563,0
436,1,1,-0.26706130664298205,0.002168920329862316,-0.013572544383336181,1,1,1,-0.7398566347804633,-0.26706130664298205,-0.013572544383336181,0
437,1,0,-0.33801688806627056,-0.0126790922742657,-0.8100422801165015,1,1,0,0.05020534741585613,-0.33801688806627056,-0.8100422801165015,0
438,1,1,0.0484426144871206,0.0012211748444924423,-1.4464579929714894,1,1,1,1.2478415363747888,0.0484426144871206,-1.4464579929714894,0
439,1,0,-0.24138158717570668,-0.0038966507765048745,3.1829567469872067,0,1,0,0.774417225868832,-0.24138158717570668,3.1829567469872067,1
440,1,0,-0.26754988171038363,-0.0038966507765048745,0.7570974725838074,1,1,0,0.17012344898143228,-0.26754988171038363,0.7570974725838074,0
441,1,0,-0.37726629547612767,-0.4427028105027563,0.8378336202961835,1,1,0,0.7103169578887296,-0.37726629547612767,0.8378336202961835,0
442,1,0,0.11426232598026292,-0.003517552582356925,-0.5325723316988217,0,1,0,0.3391521273831946,0.11426232598026292,-0.5325723316988217,1
443,1,1,-0.18337075114750542,0.0037484961388121046,-0.8980204539478472,1,1,1,0.9085943581727861,-0.18337075114750542,-0.8980204539478472,0
444,1,1,-0.12951861594969621,0.005201705883045911,-0.1952040003392282,1,1,1,-0.5396341926324805,-0.12951861594969621,-0.1952040003392282,0
445,1,0,-0.22855214868263793,-0.0673955982962864,1.9420658563965012,0,1,0,0.8683480668981735,-0.22855214868263793,1.9420658563965012,0
446,0,0,-0.21642245050376774,-0.006487155103182528,0.5104617948403941,1,0,0,0.5125483301195094,-0.21642245050376774,0.5104617948403941,0
447,1,1,-0.20908718675989724,0.015121441963250586,-0.5811162072605411,0,1,1,0.04863783811545738,-0.20908718675989724,-0.5811162072605411,1
448,1,0,0.31244447076875304,-0.011541797691821853,0.5865828593097879,1,1,0,0.887547936313413,0.31244447076875304,0.5865828593097879,0
449,1,0,1.0408424000039689,-0.0010534143203952539,0.3582211201395255,0,1,0,-1.0863582729843126,1.0408424000039689,0.3582211201395255,1
450,1,0,0.6885962285023974,-0.0044652980677267985,0.5136409331745179,1,1,0,-0.7475852816202735,0.6885962285023974,0.5136409331745179,0
451,1,0,0.15777503540769677,-0.0016220616116171779,0.15088291693344705,0,1,0,1.0156003020873934,0.15777503540769677,0.15088291693344705,1
452,1,1,0.09532587931170855,0.002105737297504324,-1.1942973898243472,0,1,1,-2.2401026296950555,0.09532587931170855,-1.1942973898243472,1
453,1,1,0.1431090026133404,-0.0003584009644573467,-0.5906049684126574,1,1,1,-1.6686819997207727,0.1431090026133404,-0.5906049684126574,0
454,1,0,0.0003522494969770125,-0.0004215839968153383,-2.173972281028898,0,1,0,-0.13671813868365618,0.0003522494969770125,-2.173972281028898,1
455,0,0,-0.3103612008728828,-0.010404503109378006,-1.7605112908889335,1,0,0,-0.018083579508648088,-0.3103612008728828,-1.7605112908889335,0
456,1,1,2.809521021344969,0.00027342935912256887,-0.11522579859745259,0,1,1,0.8556611555060131,2.809521021344969,-0.11522579859745259,1
457,1,1,-0.1719171724363759,0.0029271167181582143,-0.23896808429503952,1,1,1,1.3809672815432223,-0.1719171724363759,-0.23896808429503952,0
458,1,1,-0.04564737188366339,0.001284357876850434,-0.01003434722197816,1,1,1,0.6019692922418707,-0.04564737188366339,-0.01003434722197816,0
459,1,0,-0.17311128161050346,-0.02714800668424577,0.0015583828099522573,1,1,0,-1.764115444190606,-0.17311128161050346,0.0015583828099522573,0
460,1,1,-0.24075854112331124,0.0016002730386403918,-1.4017529064926344,1,1,1,-0.9014607462108355,-0.24075854112331124,-1.4017529064926344,0
461,1,0,-0.24686325453972707,-0.36561951102600654,-0.5921724754241128,1,1,0,-0.010431219183966904,-0.24686325453972707,-0.5921724754241128,0
462,1,0,-0.199459619907403,-0.004212565938294832,0.005801165247424495,1,1,0,-0.018910933352304718,-0.199459619907403,0.005801165247424495,0
463,1,1,-0.27220962706345314,0.002484835491652274,1.9745601342120753,1,1,1,-1.1333849670603309,-0.27220962706345314,1.9745601342120753,0
464,0,1,-0.30719521091958124,0.011140910924697118,-1.2924538036569473,0,0,1,-0.04903066782991503,-0.30719521091958124,-1.2924538036569473,1
465,1,0,-0.317031942216543,-0.011225882530031895,-0.6087766699633609,1,1,0,-0.595641947738619,-0.317031942216543,-0.6087766699633609,0
466,1,0,-0.230704983541682,-0.009267208526934157,-0.371082786154659,0,1,0,-0.018910933352304718,-0.230704983541682,-0.371082786154659,0
467,1,0,-0.09156206821377105,-0.005033945358948722,0.5230956410646008,1,1,0,0.43825933917550375,-0.09156206821377105,0.5230956410646008,0
468,1,1,-0.2665882354230147,0.004822607688897961,1.4687849300254716,0,1,1,1.2060516706912185,-0.2665882354230147,1.4687849300254716,1
469,1,1,-0.24725942288343045,0.0004629784561965436,-1.1946468683693563,0,1,1,-1.5750459437366373,-0.24725942288343045,-1.1946468683693563,1
470,1,1,-0.25389465235636205,0.004506692527108004,1.3591684935326378,0,1,1,0.7972092643549541,-0.25389465235636205,1.3591684935326378,1
471,0,0,-0.293377982954204,-0.004402115035368807,-0.7769523841892915,0,0,0,1.14538761657758,-0.293377982954204,-0.7769523841892915,0
472,1,1,-0.06570227653684665,0.0018530051680723577,0.25780175679492734,0,1,1,0.6650966640985166,-0.06570227653684665,0.25780175679492734,0
473,0,0,-0.3871885112896764,-0.0020011598057651275,-0.04087650605770756,0,0,0,-0.013241020335485227,-0.3871885112896764,-0.04087650605770756,1
474,1,1,-0.31277141856428625,0.0009052596827024844,0.45813181007096154,0,1,1,1.2086658503731715,-0.31277141856428625,0.45813181007096154,1
475,1,0,-0.1908815260303119,-0.0004215839968153383,1.3432867768098862,1,1,0,0.17012344898143228,-0.1908815260303119,1.3432867768098862,0
476,0,0,-0.36604269524317706,-0.0005479500615313214,0.2871278730129327,0,0,0,-0.48910340900685,-0.36604269524317706,0.2871278730129327,0
477,1,0,-0.26151487397133116,-0.002443441032271068,0.43636174205766987,1,1,0,0.4364097270271289,-0.26151487397133116,0.43636174205766987,0
478,0,1,-0.30933655301832547,0.0038116791711700964,0.17175004809356345,1,0,1,-0.036342184860878896,-0.30933655301832547,0.17175004809356345,0
479,0,0,-0.38620778626161156,-0.0020011598057651275,0.3564583198439132,0,0,0,-1.2009080913934336,-0.38620778626161156,0.3564583198439132,0
480,1,0,-0.2980446315494337,-0.04237511748252173,-0.4937183377480749,0,1,0,-1.1268915800733514,-0.2980446315494337,-0.4937183377480749,1
481,1,1,0.23701202301479055,0.0001470632944065857,0.3097021566613371,0,1,1,0.14345965840712105,0.23701202301479055,0.3097021566613371,1
482,1,0,-0.30297022758547953,-0.04585018426221127,-0.7510266608623892,0,1,0,0.8439575571607656,-0.30297022758547953,-0.7510266608623892,1
483,1,1,-0.18881390069606538,2.0697229690602657e-05,0.4531887294985275,0,1,1,-0.10840913688519581,-0.18881390069606538,0.4531887294985275,0
484,1,1,-0.0478889247834382,0.001979371232788341,-0.3573554598022978,1,1,1,-1.8443287928194494,-0.0478889247834382,-0.3573554598022978,0
485,1,1,0.024058438234342235,0.005391254980119884,-0.3643638906369792,0,1,1,0.6967375911825806,0.024058438234342235,-0.3643638906369792,0
486,1,1,0.04157190670022301,0.0014739069739244084,-1.7022977313442182,1,1,1,-0.06061778938119584,0.04157190670022301,-1.7022977313442182,0
487,1,0,-0.2838592464729652,-0.0016852446439751694,-0.36897787746256816,0,1,0,0.27423880031690034,-0.2838592464729652,-0.36897787746256816,0
488,1,0,-0.35493050461481657,-0.024178404163420163,1.1231835565808794,0,1,0,-0.6188429744766143,-0.35493050461481657,1.1231835565808794,1
489,1,0,-0.2913321388661693,-0.002948905291135001,0.4702197288181926,0,1,0,-2.2401026296950555,-0.2913321388661693,0.4702197288181926,1
491,1,0,-0.2231829150305611,-0.014195485050857498,0.9343513323400595,1,1,0,-0.9014607462108355,-0.2231829150305611,0.9343513323400595,0
492,0,0,-0.39312716759522476,-0.33554438762360256,1.4988273808458936,0,0,0,-0.6066746276908919,-0.39312716759522476,1.4988273808458936,0
493,1,1,-0.20208966034573023,0.019165156034162047,-0.732719406734304,1,1,1,1.5845570700059108,-0.20208966034573023,-0.732719406734304,0
494,1,0,-0.32915215791991825,-0.003201637420566967,-0.5407843406643578,1,1,0,-1.3916156345749262,-0.32915215791991825,-0.5407843406643578,0
495,0,1,-0.1817615181611601,0.0003366123914805604,0.6701204285366449,1,0,1,-0.2823451999499717,-0.1817615181611601,0.6701204285366449,0
497,1,0,-0.07778743552831707,-0.004338932003010815,-1.1315405224464739,0,1,0,0.8499734899960758,-0.07778743552831707,-1.1315405224464739,1
498,1,1,0.2249522011978426,-4.248580266738896e-05,-0.5144720008384457,0,1,1,-1.6806144687288496,0.2249522011978426,-0.5144720008384457,1
499,1,0,-0.02204181117625054,-0.0025066240646290597,0.9668246172856302,0,1,0,0.14345965840712105,-0.02204181117625054,0.9668246172856302,1
500,1,1,-0.2164334027629644,0.0023584694269362903,-0.27051930553046666,1,1,1,-2.785524832276826,-0.2164334027629644,-0.27051930553046666,0
501,1,1,-0.04873176513533099,0.006339000465489759,-0.52327431432395,1,1,1,1.2669996799085854,-0.04873176513533099,-0.52327431432395,0
502,1,0,-0.3358526268242551,-0.009077659429860182,-0.4159536528686951,1,1,0,1.440466742228587,-0.3358526268242551,-0.4159536528686951,0
504,1,0,-0.20365477137359758,-0.0016220616116171779,-1.325329751470817,1,1,0,-1.0539280196101088,-0.20365477137359758,-1.325329751470817,0
505,1,0,0.19680735102357258,-0.020134690092508706,-0.5585286703265689,1,1,0,-1.255365546977281,0.19680735102357258,-0.5585286703265689,0
506,1,1,-0.32709632878518746,-0.00016885186738337205,0.3825195973060394,1,1,1,-0.41263137332349753,-0.32709632878518746,0.3825195973060394,0
507,1,0,-0.36699602539953696,-0.25820835601742087,-0.21715697945643803,1,1,0,0.22035930804852524,-0.36699602539953696,-0.21715697945643803,0
508,0,0,-0.3599482608301977,-0.009709489753440098,-0.21756319728551113,0,0,0,0.6087411054977534,-0.3599482608301977,-0.21756319728551113,0
509,1,1,0.11703794138238859,0.002611201556368256,0.07787648921797757,1,1,1,-0.7637451475251019,0.11703794138238859,0.07787648921797757,0
510,1,1,0.5043229787698943,0.01082499576290716,-1.1691756530078252,1,1,1,0.12499459618500838,0.5043229787698943,-1.1691756530078252,0
511,1,1,-0.31567684905593774,0.0011579918121344508,-0.22565450008993818,0,1,1,0.49508205540415096,-0.31567684905593774,-0.22565450008993818,1
512,1,1,-0.1936348955449264,-0.0003584009644573467,1.635403198117574,1,1,1,-1.3357981017935414,-0.1936348955449264,1.635403198117574,0
513,1,1,-0.28113948285150475,0.003874862203528088,-0.5539305729563523,0,1,1,1.7109409200320753,-0.28113948285150475,-0.5539305729563523,1
514,1,1,-0.24466863989365226,0.001979371232788341,0.04952861572753164,0,1,1,-0.3383134718166302,-0.24466863989365226,0.04952861572753164,1
515,1,0,0.14034868244418808,-0.0016536531277961735,-0.7172878114042902,0,1,0,0.6721249474503387,0.14034868244418808,-0.7172878114042902,1
516,1,1,2.6182059620377376,0.013668232219016781,0.5205288948638881,0,1,1,1.47759111322895,2.6182059620377376,0.5205288948638881,1
517,1,1,0.20730412899231107,0.005959902271341809,-1.0238645870497105,1,1,1,-0.7925126966214587,0.20730412899231107,-1.0238645870497105,0
518,1,1,0.04302338922423441,0.02409343255808539,-1.571002446816028,1,1,1,0.25529522046950676,0.04302338922423441,-1.571002446816028,0
519,0,1,-0.07807191927564096,0.002863933685800223,-1.5644830809565131,1,0,1,-1.8191654501807466,-0.07807191927564096,-1.5644830809565131,0
520,1,0,-0.3495224781554899,-0.0018116107086911526,-0.947294114156517,1,1,0,-0.03033234329182825,-0.3495224781554899,-0.947294114156517,0
521,1,1,-0.21409133562294316,0.0009052596827024844,-0.09934315911970319,0,1,1,-0.4758992259936713,-0.21409133562294316,-0.09934315911970319,1
522,1,1,0.21920303320010975,0.003369397944664155,-0.34682667003164985,1,1,1,0.4732504620181327,0.21920303320010975,-0.34682667003164985,0
523,1,0,-0.15320053903226985,-0.005160311423664706,-0.8768516705604712,0,1,0,0.26890895956602406,-0.15320053903226985,-0.8768516705604712,1
524,1,1,1.0063753179079045,0.0004629784561965436,0.3999290388877941,1,1,1,1.7459271195535577,1.0063753179079045,0.3999290388877941,0
525,1,0,-0.3317186183600519,-0.006423972070824536,-0.3069754600832235,1,1,0,0.15022754703442354,-0.3317186183600519,-0.3069754600832235,0
526,1,1,-0.24987958258229195,0.007349928983217623,0.012268351236795271,0,1,1,1.309857662212618,-0.24987958258229195,0.012268351236795271,1
527,1,0,-0.0020770943474997107,-0.00452848110008479,-0.021166626659934972,0,1,0,-2.6601348043459185,-0.0020770943474997107,-0.021166626659934972,1
528,0,1,-0.30851009838408794,0.009940433309895276,0.9362715073316257,1,0,1,1.293895862144284,-0.30851009838408794,0.9362715073316257,0
529,1,0,-0.15544667196770873,-0.009709489753440098,-0.05292159538360409,0,1,0,1.6305186992310314,-0.15544667196770873,-0.05292159538360409,1
530,1,0,-0.33911585956375734,-0.02582116300472794,0.5884321541202214,1,1,0,-0.34661194128642847,-0.33911585956375734,0.5884321541202214,0
531,1,1,-0.32099621436938663,0.00400122826824407,0.06911401374939402,0,1,1,-0.2779755239039775,-0.32099621436938663,0.06911401374939402,0
532,1,0,-0.2925371813345426,-0.004907579294232739,-0.6056765952228802,1,1,0,0.355113851929108,-0.2925371813345426,-0.6056765952228802,0
533,1,1,-0.08256331275877316,0.00021024632676457734,-0.6797306331325087,0,1,1,0.515357924768764,-0.08256331275877316,-0.6797306331325087,0
534,1,1,-0.05801372420346095,0.002421652459294282,2.1215279879725073,0,1,1,-0.18953205062062664,-0.05801372420346095,2.1215279879725073,1
535,1,0,-0.21026193271906413,-0.004338932003010815,0.6092816502682364,0,1,0,0.12499459618500838,-0.21026193271906413,0.6092816502682364,0
536,1,1,-0.39010262772888127,0.00317984884759018,0.008264930566277919,0,1,1,0.972695129914674,-0.39010262772888127,0.008264930566277919,0
537,1,0,-0.33139616678084627,-0.001937976773407136,-0.5034991932028112,0,1,0,0.3391521273831946,-0.33139616678084627,-0.5034991932028112,1
538,1,1,-0.17172213688039584,0.0007788936179865014,1.1292480649217478,0,1,1,0.3998975466326893,-0.17172213688039584,1.1292480649217478,1
539,1,1,-0.2878641984456822,0.01006679937461126,-1.515188530288482,0,1,1,-1.473452651054477,-0.2878641984456822,-1.515188530288482,1
540,1,1,-0.20235245767159718,0.0033062149123061634,-0.16567680085992412,1,1,1,0.15022754703442354,-0.20235245767159718,-0.16567680085992412,0
541,0,1,-0.1608498339171065,8.388026204859419e-05,2.2772538983083424,1,0,1,0.5902997504629649,-0.1608498339171065,2.2772538983083424,0
542,1,1,-0.2424939953409698,0.002863933685800223,-0.45560085783570725,1,1,1,-1.336776343358559,-0.2424939953409698,-0.45560085783570725,0
543,1,0,-0.23976488199867133,-0.06379416545188088,0.4070603541859274,1,1,0,-0.3750686127077514,-0.23976488199867133,0.4070603541859274,0
544,1,0,-0.15309853604337073,-0.0004215839968153383,0.14700768972238823,1,1,0,-0.6356910433001942,-0.15309853604337073,0.14700768972238823,0
545,1,0,0.8764381035801931,-0.0012429634174692286,-0.17137636761300473,0,1,0,1.0827754580563367,0.8764381035801931,-0.17137636761300473,0
546,1,0,-0.30283757723578075,-0.2410225712160472,-0.6899915895927237,0,1,0,-0.25691384711623405,-0.30283757723578075,-0.6899915895927237,0
547,1,0,0.4036407849174993,-0.0006743161262473046,0.11584056205717042,0,1,0,-0.7408353909507882,0.4036407849174993,0.11584056205717042,1
548,1,0,0.09337475567139294,-0.005286677488380688,0.4445671650840811,0,1,0,1.7517139901790542,0.09337475567139294,0.4445671650840811,1
549,0,1,-0.2809691965565665,0.007160379886143649,-0.1850204112090816,1,0,1,1.521715871491506,-0.2809691965565665,-0.1850204112090816,0
550,1,0,0.14739076701070583,-0.0006743161262473046,0.22178251045546382,0,1,0,-0.7907610712424374,0.14739076701070583,0.22178251045546382,1
551,1,1,-0.3176561925433263,2.0697229690602657e-05,0.16873107126289563,1,1,1,-1.7353572914506077,-0.3176561925433263,0.16873107126289563,0
552,1,1,0.18233259872490024,0.0015370900062824,0.2865043631450855,0,1,1,0.42557143038173545,0.18233259872490024,0.2865043631450855,1
553,1,0,-0.04328078306201222,-0.012868641371339676,0.1096643425107179,0,1,0,0.5373701509353387,-0.04328078306201222,0.1096643425107179,0
554,1,1,-0.16238333037167368,0.0037484961388121046,-0.4146098356507325,0,1,1,-1.4173024190842365,-0.16238333037167368,-0.4146098356507325,1
555,1,0,1.1492430728824117,-0.0014325125145432033,0.8557544517651204,1,1,0,1.205341789697795,1.1492430728824117,0.8557544517651204,0
556,1,1,0.0039308883363921914,0.0064021834978477505,0.8304226246011285,0,1,1,-1.473452651054477,0.0039308883363921914,0.8304226246011285,1
557,1,0,0.11810052862140126,-0.004338932003010815,0.24176865352692545,0,1,0,-0.4758992259936713,0.11810052862140126,0.24176865352692545,1
558,1,0,-0.42077257578517596,-0.0013061464498272202,-0.7204501739312893,1,1,0,0.42557143038173545,-0.42077257578517596,-0.7204501739312893,0
559,1,1,-0.08167391345220018,0.014363245574954686,-0.9381983323810749,1,1,1,-1.0189842460814778,-0.08167391345220018,-0.9381983323810749,0
561,1,0,-0.22121498844366844,-0.0876141686508437,1.125370317313249,1,1,0,-1.873799157116445,-0.22121498844366844,1.125370317313249,0
562,1,0,-0.32348223496989664,-0.011920895885969804,-1.1020009870878613,1,1,0,0.6453374877592122,-0.32348223496989664,-1.1020009870878613,0
563,1,0,0.16788128710565142,-0.003012088323492992,-0.8492890942439791,1,1,0,-0.13671813868365618,0.16788128710565142,-0.8492890942439791,0
564,1,0,0.7913491863884278,-0.02108243557787858,-0.1336978275716467,1,1,0,0.7369225688792188,0.7913491863884278,-0.1336978275716467,0
565,1,1,0.13487394676975445,0.001789822135714366,0.019802255783330155,0,1,1,0.18445086549521286,0.13487394676975445,0.019802255783330155,1
566,0,1,-0.2979980346648516,0.0029271167181582143,0.8960002372472701,0,0,1,1.0203934003040964,-0.2979980346648516,0.8960002372472701,1
567,1,1,0.19000175939589878,0.012151839442424981,-0.9688284334959979,0,1,1,0.47507765959738446,0.19000175939589878,-0.9688284334959979,0
568,1,0,-0.3579552910255229,-0.0025066240646290597,-0.8120784789483396,0,1,0,-0.524375182504783,-0.3579552910255229,-0.8120784789483396,0
569,1,0,0.07373797129268383,-0.0025698070969870515,0.29589076994102287,0,1,0,-0.6971139242409153,0.07373797129268383,0.29589076994102287,1
570,1,0,-0.27493184664606674,-0.009899038850514073,1.1631512588738921,1,1,0,1.1140266671932995,-0.27493184664606674,1.1631512588738921,0
571,1,0,-0.26870787213535097,-0.0016852446439751694,-1.708831864097158,1,1,0,-0.4084358177303417,-0.26870787213535097,-1.708831864097158,0
572,1,1,-0.21115477416424178,0.012341388539498956,-1.5288288821482021,1,1,1,-0.19117188708138896,-0.21115477416424178,-1.5288288821482021,0
573,1,1,-0.05463067090360453,0.7413472158860056,0.5010762305171406,0,1,1,-0.08854726002120566,-0.05463067090360453,0.5010762305171406,0
574,1,1,-0.11305324550027182,0.0004629784561965436,1.905140931673923,0,1,1,-1.3993361811283125,-0.11305324550027182,1.905140931673923,1
575,1,0,-0.3209803976002611,-0.0004215839968153383,-0.663224877861948,1,1,0,-0.0784738789071055,-0.3209803976002611,-0.663224877861948,0
576,1,1,-0.018697617060972407,0.006086268336057792,-0.669646231993161,0,1,1,1.14538761657758,-0.018697617060972407,-0.669646231993161,1
577,1,1,-0.02236169300459705,0.007034013821427665,-1.1698946496554077,1,1,1,1.1140266671932995,-0.02236169300459705,-1.1698946496554077,0
578,1,0,-0.19636258651590063,-0.04250148354723772,0.2585972737033547,1,1,0,-0.4115019165269743,-0.19636258651590063,0.2585972737033547,0
579,1,1,-0.1994112023875258,0.0037484961388121046,1.4482881240125727,1,1,1,0.600154660494277,-0.1994112023875258,1.4482881240125727,0
580,1,0,-0.2616442813144107,-0.002759356194061026,-0.1812250433683893,1,1,0,0.16721224579613644,-0.2616442813144107,-0.1812250433683893,0
581,1,0,-0.06973285964082646,-0.06594238855205259,0.46036185792811685,0,1,0,0.4593560917685777,-0.06973285964082646,0.46036185792811685,1
582,0,1,-0.43702693270741133,0.001726639103356375,-1.4727405895508456,0,0,1,1.0039218031447656,-0.43702693270741133,-1.4727405895508456,0
583,0,1,-0.35781171686405394,0.003369397944664155,-0.6184412329273618,0,0,1,0.19752904592792925,-0.35781171686405394,-0.6184412329273618,0
584,1,0,-0.26678492092973083,-0.0033911865176409414,-0.1243832774567256,1,1,0,-0.9604637747951625,-0.26678492092973083,-0.1243832774567256,0
585,1,1,-0.20162447854537466,0.0007788936179865014,-0.893377167583139,1,1,1,0.355113851929108,-0.20162447854537466,-0.893377167583139,0
586,1,1,0.11794442810980345,0.0053280719477618935,-0.18801602641298587,1,1,1,0.3016190846865594,0.11794442810980345,-0.18801602641298587,0
587,1,1,-0.08420156212013302,0.004127594332960054,0.032283496634891745,1,1,1,-1.3357981017935414,-0.08420156212013302,0.032283496634891745,0
588,1,0,-0.2710542632841979,-0.010151770979946038,-0.0770592587566566,0,1,0,0.03872204497499184,-0.2710542632841979,-0.0770592587566566,1
589,1,1,-0.3552405815635013,0.009750884212821304,1.2059154054095527,0,1,1,1.2297138314110279,-0.3552405815635013,1.2059154054095527,1
590,1,0,-0.2962798195876428,-0.028790765525553548,-0.6850359065254311,1,1,0,0.413611823592726,-0.2962798195876428,-0.6850359065254311,0
591,1,1,-0.15280014150449578,0.0016634560709983834,0.13338610924108146,0,1,1,-0.03033234329182825,-0.15280014150449578,0.13338610924108146,1
592,1,0,-0.3134683520657383,-0.007498083620910394,1.4043943767350942,1,1,0,0.8273620074657528,-0.3134683520657383,1.4043943767350942,0
593,1,0,-0.2504046746628246,-0.2442449058663048,0.12171808320939281,1,1,0,-1.298932381270439,-0.2504046746628246,0.12171808320939281,0
594,1,0,-0.29068162208226506,-0.02203018106324845,-0.9368578944992734,0,1,0,0.023836168132107375,-0.29068162208226506,-0.9368578944992734,1
595,1,0,-0.29261036708041255,-0.9705338628214177,-0.4409562493677446,1,1,0,-0.08594542107288178,-0.29261036708041255,-0.4409562493677446,0
596,1,0,-0.2236555500566557,-0.0018747937410491442,-1.0357516624193166,0,1,0,0.9006227452869217,-0.2236555500566557,-1.0357516624193166,1
598,1,0,-0.1726128447685871,-0.04066917560885596,1.2652120284759896,1,1,0,-0.4624128530102944,-0.1726128447685871,1.2652120284759896,0
599,1,0,0.46418057819525166,-0.0004215839968153383,1.0994293121240855,1,1,0,-0.9227395615102291,0.46418057819525166,1.0994293121240855,0
600,1,0,-0.09096938504791044,-0.022977926548618324,-0.588192860676502,1,1,0,1.6480358493578584,-0.09096938504791044,-0.588192860676502,0
601,1,1,-0.306340062314496,0.0035589470417381297,-0.7121680423365219,1,1,1,-0.8971413411794916,-0.306340062314496,-0.7121680423365219,0
602,1,0,0.40913601222147744,-0.004212565938294832,-1.0172884948734089,0,1,0,0.43824981246654077,0.40913601222147744,-1.0172884948734089,1
603,1,0,-0.2957240042865066,-0.0035807356147149164,0.46344994381496896,0,1,0,0.33192728477137334,-0.2957240042865066,0.46344994381496896,1
604,1,0,-0.11501701876289769,-0.0063607890384665446,-0.19881625520636761,0,1,0,1.221500525836565,-0.11501701876289769,-0.19881625520636761,1
605,1,0,-0.22086929531702468,-0.2019754572188084,0.9646221172692079,0,1,0,0.7298669031106476,-0.22086929531702468,0.9646221172692079,0
606,1,0,-0.25041568381687423,-0.006487155103182528,0.845817282986743,1,1,0,0.4408510871429297,-0.25041568381687423,0.845817282986743,0
607,1,1,-0.10339993372680878,0.0007157105856285097,0.30658618923461656,0,1,1,-0.3382561714517983,-0.10339993372680878,0.30658618923461656,0
608,1,0,-0.28537401503842985,-0.0052234944560226974,0.6256961352770325,1,1,0,0.4376772707796683,-0.28537401503842985,0.6256961352770325,0
609,1,1,-0.011516993527473492,0.0013475409092084255,-0.19011854792542654,0,1,1,0.48803138986867023,-0.011516993527473492,-0.19011854792542654,1
610,1,1,0.16977248150083896,0.0010948087797764592,0.3193062944032307,0,1,1,-0.7408353909507882,0.16977248150083896,0.3193062944032307,1
611,1,1,-0.2846407636558322,0.001284357876850434,-0.23548592317204334,1,1,1,-1.1453058834070742,-0.2846407636558322,-0.23548592317204334,0
612,1,1,-0.15937476847653917,0.002548018524010265,-0.5616163028295423,0,1,1,0.4593560917685777,-0.15937476847653917,-0.5616163028295423,1
613,1,1,-0.15081061383842564,0.0009052596827024844,0.14554894061448914,1,1,1,-0.2823451999499717,-0.15081061383842564,0.14554894061448914,0
616,0,0,-0.32847629447901594,-0.0004215839968153383,-0.8659469595715141,0,0,0,0.05533966167797454,-0.32847629447901594,-0.8659469595715141,1
617,1,1,0.00389152658061267,0.0053280719477618935,-1.3158040833593523,0,1,1,0.9915923768502347,0.00389152658061267,-1.3158040833593523,0
618,1,0,0.3771875609591501,-0.0008006821909632877,-0.8586766563979532,1,1,0,1.228174333689637,0.3771875609591501,-0.8586766563979532,0
619,1,1,-0.2990238488638948,0.0010948087797764592,-0.2891733905546394,0,1,1,0.7902979340687742,-0.2990238488638948,-0.2891733905546394,0
620,0,1,-0.42635914777559697,0.001979371232788341,-0.6877814376809728,1,0,1,-0.22385878229127104,-0.42635914777559697,-0.6877814376809728,0
621,1,0,0.15429486259382114,-0.002822539226419018,-1.1318223275340045,1,1,0,-0.4084358177303417,0.15429486259382114,-1.1318223275340045,0
622,1,0,8.588798514902454,-0.0024244861225636706,-0.7655492740527411,0,1,0,-1.370395527272895,8.588798514902454,-0.7655492740527411,1
623,0,0,-0.43110038552307,-0.013058190468413649,0.15231860654599516,0,0,0,0.7209252164630096,-0.43110038552307,0.15231860654599516,0
624,1,0,0.1979038191475287,-0.0004215839968153383,-0.6393894454290363,1,1,0,-0.026930921804089694,0.1979038191475287,-0.6393894454290363,0
625,1,0,-0.2676189805093153,-0.005097128391306714,-0.3840327713086879,0,1,0,1.7216287902408662,-0.2676189805093153,-0.3840327713086879,1
626,1,0,1.0029571415188148,-0.013690020791993565,-1.008273566809443,0,1,0,-1.9335412985442428,1.0029571415188148,-1.008273566809443,0
627,1,0,-0.13171475727432572,-0.008003547879774326,0.6124725619274939,1,1,0,-1.97849621884014,-0.13171475727432572,0.6124725619274939,0
628,0,0,-0.21311390101387512,-0.0004215839968153383,0.41715570400103996,0,0,0,2.337305736936596,-0.21311390101387512,0.41715570400103996,0
629,0,1,-0.2522779187319002,0.007665844145007581,0.3017079389261071,0,0,1,-0.26578495361953736,-0.2522779187319002,0.3017079389261071,1
630,1,0,-0.3344124948234111,-0.0012429634174692286,0.26826077504450985,1,1,0,-0.4854385975346732,-0.3344124948234111,0.26826077504450985,0
631,1,0,0.0300996949247459,-0.004781213229516756,-0.6074808430597016,1,1,0,1.324215517373713,0.0300996949247459,-0.6074808430597016,0
632,1,0,-0.2685368367248486,-0.04085872470592994,3.53751492323012,1,1,0,-0.08594542107288178,-0.2685368367248486,3.53751492323012,0
633,1,1,1.549771828634885,0.0013475409092084255,-0.6636125459310462,0,1,1,0.7164570460054727,1.549771828634885,-0.6636125459310462,0
634,1,0,-0.3378516938606731,-0.0020011598057651275,0.12656850790405427,0,1,0,0.32390907511399275,-0.3378516938606731,0.12656850790405427,1
635,1,0,-0.3336320301953241,-0.0021907089028391025,-1.2712870695714549,1,1,0,0.7550624052094845,-0.3336320301953241,-1.2712870695714549,0
636,1,0,-0.17120965649227146,-0.00332800348528295,-0.509651082918482,1,1,0,-1.336776343358559,-0.17120965649227146,-0.509651082918482,0
637,1,1,-0.09732450219472133,-0.00023203489974136363,-0.9679480089767512,0,1,1,-0.7002588651154414,-0.09732450219472133,-0.9679480089767512,1
638,1,1,-0.06894094018234152,0.002674384588726248,-0.5506752903533462,1,1,1,1.0609342342122536,-0.06894094018234152,-0.5506752903533462,0
639,1,1,-0.08966801959345953,0.0032430318799481716,-1.2469601684642653,0,1,1,0.8661141835606158,-0.08966801959345953,-1.2469601684642653,1
640,1,0,-0.3182642183545377,-0.000611133093889313,-0.361456839684267,0,1,0,-1.4254021356938555,-0.3182642183545377,-0.361456839684267,0
641,1,0,-0.09347497747784203,-0.006992619362046461,-1.1707159197933905,1,1,0,0.7030085977402427,-0.09347497747784203,-1.1707159197933905,0
642,1,0,0.08095329120401876,-0.013247739565487622,0.06297070682041839,1,1,0,-1.336801114813374,0.08095329120401876,0.06297070682041839,0
643,1,1,1.2336411158745664,0.005075339818329927,0.10036292679585056,0,1,1,-0.383461294348031,1.2336411158745664,0.10036292679585056,1
644,1,1,-0.25731631829643387,0.0001470632944065857,-0.3578186536638451,1,1,1,-1.6143133940529688,-0.25731631829643387,-0.3578186536638451,0
645,1,0,0.23492430431497024,-0.0004215839968153383,-1.0934225192175575,0,1,0,-1.393361196675463,0.23492430431497024,-1.0934225192175575,1
646,1,1,-0.22180056923538333,0.0016002730386403918,-0.9051308787311274,0,1,1,-0.08344769680249411,-0.22180056923538333,-0.9051308787311274,1
647,1,0,-0.28190201611843085,-0.005033945358948722,0.3622465205510682,0,1,0,1.256498496599541,-0.28190201611843085,0.3622465205510682,0
648,0,0,-0.40979928445786545,-0.0004215839968153383,-0.8704196267143631,1,0,0,1.0952756754096986,-0.40979928445786545,-0.8704196267143631,0
649,0,1,-0.22975360677527407,0.007665844145007581,0.046376506797462455,1,0,1,-0.9797062856834817,-0.22975360677527407,0.046376506797462455,0
650,1,1,0.3376419494622574,0.003874862203528088,1.1422255930143925,1,1,1,-1.3993361811283125,0.3376419494622574,1.1422255930143925,0
651,1,1,0.047764626971707455,0.001284357876850434,-0.33055234478399054,0,1,1,-0.9604637747951625,0.047764626971707455,-0.33055234478399054,1
652,0,1,-0.3354386788389987,0.0035589470417381297,-0.6458330953966206,1,0,1,-0.11807823828342867,-0.3354386788389987,-0.6458330953966206,0
653,1,1,-0.12226478770537631,0.0037484961388121046,1.0721185941274276,0,1,1,0.6664146207628884,-0.12226478770537631,1.0721185941274276,1
654,1,0,1.9021411869756113,-0.01836556518648494,-0.13682975587461668,1,1,0,0.6721249474503387,1.9021411869756113,-0.13682975587461668,0
655,1,0,1.0461747657913214,-0.0004215839968153383,-0.6941897931969641,0,1,0,-1.4631718842567087,1.0461747657913214,-0.6941897931969641,1
656,1,1,-0.16532464255059803,0.002674384588726248,0.23165863167731293,0,1,1,0.9240671096750105,-0.16532464255059803,0.23165863167731293,1
657,0,0,-0.4101190809439325,-0.001748427676333161,-0.7077984170888546,0,0,0,0.8815738729734979,-0.4101190809439325,-0.7077984170888546,0
658,1,1,0.1261845381128282,0.0014739069739244084,-0.2764604655372616,1,1,1,-1.2327674708159424,0.1261845381128282,-0.2764604655372616,0
659,1,1,-0.2960888994260276,24.416661270749024,0.09919930863804703,0,1,1,-0.634926816636421,-0.2960888994260276,0.09919930863804703,1
660,1,0,-0.10661906347278408,-0.0038966507765048745,1.2569416898454266,1,1,0,-0.17734479218699267,-0.10661906347278408,1.2569416898454266,0
661,1,0,0.9339049299892493,-0.04104827380300391,-0.46615238837304496,1,1,0,0.6741413196465079,0.9339049299892493,-0.46615238837304496,0
662,1,1,0.15627259406037555,0.02289295494328355,-0.6900212543599393,0,1,1,0.39665659769894146,0.15627259406037555,-0.6900212543599393,1
663,1,0,-0.20672312975920323,-0.0014325125145432033,-1.5138917524031592,0,1,0,1.089783730999675,-0.20672312975920323,-1.5138917524031592,1
664,0,0,-0.32626704837325243,-0.005855324779602613,-0.08451515023151071,0,0,0,-0.16903332249477096,-0.32626704837325243,-0.08451515023151071,0
665,1,1,0.3172790919349003,0.05214669892503364,0.02641554814653322,1,1,1,0.29188224218311676,0.3172790919349003,0.02641554814653322,0
666,1,1,0.15178002475028196,0.01739603112813828,0.28793687139564256,0,1,1,-0.927477480307771,0.15178002475028196,0.28793687139564256,1
667,0,0,-0.33369444384903185,-0.07876854412072488,0.5689903013078262,1,0,0,-1.116278616909826,-0.33369444384903185,0.5689903013078262,0
668,1,0,-0.33459459628281607,-0.21454888065804875,0.4303513020589905,1,1,0,-1.7353572914506077,-0.33459459628281607,0.4303513020589905,0
669,1,0,-0.27886464646274267,-0.009330391559292148,0.07888822062854398,0,1,0,1.5160616041004205,-0.27886464646274267,0.07888822062854398,1
670,1,0,-0.058332449169797074,-0.15679958908284444,0.5467029889792953,1,1,0,0.3120959859874783,-0.058332449169797074,0.5467029889792953,0
671,1,0,-0.25760609326508394,-0.01053086917409399,1.9125742156178462,1,1,0,-0.19338934320950563,-0.25760609326508394,1.9125742156178462,0
672,0,0,-0.3625103403666527,-0.0004215839968153383,0.4021930070030765,0,0,0,2.313011938258245,-0.3625103403666527,0.4021930070030765,1
673,1,0,-0.3834195307196512,-0.0037702847117888913,0.4602739956532712,0,1,0,0.7422133946125975,-0.3834195307196512,0.4602739956532712,1
674,0,0,-0.39229014000081036,-0.004212565938294832,-1.8112957584807627,0,0,0,0.6298286589553226,-0.39229014000081036,-1.8112957584807627,0
676,1,1,-0.15095324923482062,0.016637834739842386,-0.20785814475103037,1,1,1,-1.5750459437366373,-0.15095324923482062,-0.20785814475103037,0
677,1,0,-0.10977186330267222,-0.002759356194061026,0.5023771973710752,0,1,0,-0.0784738789071055,-0.10977186330267222,0.5023771973710752,1
678,1,0,-0.16314381542389286,-0.003012088323492992,0.35391718324665433,1,1,0,1.5440968836275066,-0.16314381542389286,0.35391718324665433,0
679,0,1,-0.36491435651908244,0.003369397944664155,-0.5591504421264311,0,0,1,0.6951469891457399,-0.36491435651908244,-0.5591504421264311,0
680,1,1,-0.3487900233008338,0.000842076650344493,0.9096770060280291,0,1,1,0.7509852822730875,-0.3487900233008338,0.9096770060280291,1
681,1,1,0.38661330280321,0.00438032646239202,0.7131859467937333,0,1,1,0.5227966301501568,0.38661330280321,0.7131859467937333,1
