,S1prime_norm,S2prime_norm,S3prime_norm,C1_norm,C3_norm,C4,C5_norm,C6_norm,C7_norm,C5prime_norm,T1prime,T2prime_norm,T3prime_norm,T4prime_norm,T5prime_norm,Y1,Y2
0,,,,0.0691290229630652,,0.6545660898758693,0.36885030055774476,0.3565078386253843,,0.05931287741532263,,,,,,0,1
1,,,,1.1929603822610668,,0.6197765094144966,0.06326774011447059,1.7968809882833856,,2.295652778120417,,,,,,1,0
2,,,,0.38501430288818805,,0.4034795598120954,0.7641094548586755,0.6809987387796096,,0.21077066233916847,,,,,,1,0
3,,,,0.8727523285069907,,0.38269809910737834,0.9348906000402774,0.8346096615412065,,0.2517843616210125,,,,,,1,0
4,,,,0.5608472402555715,,1.266863022960582,0.01564345603123966,0.021321212522520602,,0.01234504154440251,,,,,,0,1
5,,,,0.3200973568992914,,1.9475402803040947,0.4106136227628345,0.12601594242920305,,0.8331980591466892,,,,,,0,0
6,,,,0.14079980291205113,,0.09541750251303724,0.6003561148828546,0.5438374272572598,,0.15659686901407666,,,,,,1,0
7,,,,0.3685185049722316,,1.0013634713189234,0.5780041387498898,0.02055886928828771,,0.8612436003985453,,,,,,1,0
8,,,,0.22772638067242382,,1.0992939663510555,0.6758055694587984,0.40516488312469756,,0.4931324102360718,,,,,,1,0
9,,,,0.14073937770096973,,0.9674065168020859,0.12713509658104366,0.40516488312469756,,0.4024962412154104,,,,,,1,0
10,,,,0.2427300699966275,,0.24645000458443755,0.6883322309896522,0.2041889437084,,0.7619466895218652,,,,,,1,0
11,,,,0.11728979700172304,,0.37392570543847775,0.8428440430920748,1.105478159121258,,0.24076245695059076,,,,,,0,1
12,,,,0.27457771921748597,,0.4084358177303417,0.9853689778846201,1.1256783577367508,,0.060990312236258816,,,,,,0,1
13,,,,2.1386648284646035,,0.4803644990396593,0.6080708702180476,0.6936440499216036,,0.059440343770121445,,,,,,1,0
14,,,,1.035031887402233,,2.785524832276826,1.2808967783319816,0.279513774868187,,1.7246944947905922,,,,,,1,0
15,,,,0.10539447891072261,,0.21107959719002664,0.2808576733572386,0.49677712824223685,,1.1776142471435427,,,,,,0,0
16,,,,0.6179059506417213,,0.4084358177303417,0.34861673375279945,0.279513774868187,,0.9551156800940354,,,,,,1,0
17,,,,0.3522029926095117,,0.887547936313413,0.8841760795196648,0.029525771489266665,,1.4003829052084387,,,,,,1,0
18,,,,0.8583978475086396,,0.5999746782028343,0.6004317897715287,0.6809987387796096,,0.03099926027235735,,,,,,0,1
19,,,,0.5991435151485341,,1.1408144792017019,0.028162108807508027,0.29672733934969775,,0.4618207364833653,,,,,,1,0
20,,,,0.5986430443862129,,1.404459173483132,0.4873819899064093,0.3057424967560403,,0.3290135800986772,,,,,,0,1
21,,,,0.8034643590294799,,0.14227157395278292,1.2414808071302583,1.0088527340904578,,0.4566281402820259,,,,,,0,0
22,,,,0.3685185049722316,,0.8574190192905838,0.5840484221992334,0.6809987387796096,,0.05539585073720322,,,,,,1,0
23,,,,0.2128719842651685,,0.27117959454436386,0.4717900799824086,0.2041889437084,,0.43913011001138264,,,,,,0,0
24,,,,0.6374206667184854,,0.33761701939523997,0.373606913569218,0.5438374272572598,,0.18429402820115884,,,,,,1,0
25,,,,2.1386648284646035,,1.3335689204886791,0.20044707015752034,0.4200817419564996,,0.27803358307817094,,,,,,1,0
26,,,,1.59561514300634,,0.5551270113384839,1.0281367126724734,1.6434549129249365,,0.8824827318632491,,,,,,0,1
27,,,,0.04527323502005151,,0.8518514534480309,0.3522118167045516,0.09273067277196112,,0.42200964930563645,,,,,,1,0
28,,,,0.6571938633641179,,0.6977415678578692,0.16624909272686006,0.5185923111795536,,1.0342303437705036,,,,,,1,0
29,,,,1.5227785258081217,,1.3335689204886791,0.1999153078277158,0.1388722211740458,,0.10887476537705443,,,,,,1,0
30,,,,0.48801062305735327,,1.2539599797738938,0.7322377900356039,0.1076245153346857,,1.0288693714678208,,,,,,0,1
31,,,,0.5058893340150186,,0.4034795598120954,1.3324606909705305,2.1330868165514634,,0.8309793492737745,,,,,,1,0
32,,,,1.885936416413497,,2.337305736936596,1.376694997414322,1.570468514002154,,0.14475087992785882,,,,,,0,1
33,,,,2.0756927104120795,,0.2751514278156656,0.40605599920075536,0.6563364906909797,,0.2892076178799395,,,,,,0,0
34,,,,0.3200973568992914,,0.5906733188706811,0.7480238593017449,0.7748429520695719,,0.06006203000079261,,,,,,0,1
35,,,,0.1980042927545721,,1.47759111322895,0.7553809777653696,0.4603729441281559,,0.5437675132297469,,,,,,0,1
36,,,,0.43562438760223493,,0.26890895956602406,0.6585788250734632,0.8851416743164617,,0.2736424022357842,,,,,,0,1
37,,,,0.47392066249519754,,0.8886320470218363,0.2889115805221032,0.2998476839858924,,0.026266720751582102,,,,,,0,1
38,,,,0.5986430443862129,,1.4932154526620702,0.24068849986631213,0.3624952131266279,,0.13565266015351296,,,,,,0,1
39,,,,2.630383045757109,,0.0784738789071055,2.1762263959624506,2.633216976673004,,0.5393960736209229,,,,,,0,1
40,,,,0.03196060044357762,,0.8194549675305121,0.5605555084766053,0.07875019036331858,,0.751387843745059,,,,,,1,0
41,,,,1.6721885694692546,,0.6600456564624835,0.5403579618471308,0.06179657779395633,,0.9244140966562256,,,,,,0,1
42,,,,0.05854314036566046,,0.4115019165269743,0.42489882240141574,0.6559279554833167,,0.3035288010838221,,,,,,1,0
43,,,,0.4361248583645563,,0.24295408929702178,0.023724907696083045,0.23185380725943547,,0.3632059383897571,,,,,,1,0
44,,,,0.9628358428470857,,0.36410837184632755,0.864791647277724,0.8023912369119669,,0.19352211917354845,,,,,,1,0
45,,,,0.1981639389704049,,0.6316082887345505,1.0786699995054991,0.02055886928828771,,1.8084462474214489,,,,,,0,1
46,,,,1.633410947136982,,0.13706351539911943,0.10202166876248354,0.16519033392734855,,0.39228586366880414,,,,,,1,0
47,,,,0.0061569049105421264,,0.8934840770703417,0.16825303078941647,0.18284001113013387,,0.0063343627832799345,,,,,,1,0
48,,,,0.38501430288818805,,0.8233989604224072,0.05005423414328845,0.35423397534023,,0.5771257780695123,,,,,,0,1
49,,,,0.12672186136147026,,0.24645000458443755,1.2407066770552684,1.0088527340904578,,0.4555399820063739,,,,,,1,0
50,,,,0.3360638676188613,,2.018942626604928,0.4979191436709273,0.5438374272572598,,0.0034617811955993446,,,,,,1,0
51,,,,0.0066573756728634794,,0.13593916740583775,0.6639128407201378,0.2651051765387423,,0.6395899918957283,,,,,,0,1
52,,,,0.45288301359905714,,1.2757454574776426,0.029907125833331345,0.1388722211740458,,0.2552653284230785,,,,,,1,0
53,,,,1.6424664815514014,,1.564057610003998,2.295521025993184,2.0584860450131814,,0.7402021429771091,,,,,,0,1
54,,,,0.6179059506417213,,2.480735670242187,0.3670961843260029,0.4200817419564996,,0.022821504851484202,,,,,,1,0
55,,,,0.38501430288818805,,0.6567428382848947,0.18183160473594256,0.1475667088693477,,0.06718961734570626,,,,,,0,1
56,,,,0.36758835317967153,,0.9604637747951625,1.738685801843744,1.5815688575534887,,0.4026636558500907,,,,,,1,0
57,,,,0.08544214778086325,,0.3609649694068759,1.1468898989339904,3.692336651824866,,6.462487467027135,,,,,,0,1
58,,,,1.0667285031943468,,0.08946386224326543,1.8991342292857964,2.381432114822974,,0.6045128000882297,,,,,,1,0
59,,,,0.8255811268342327,,0.16299283726405286,0.6094272486226936,0.1523664747414036,,0.7577070923956483,,,,,,0,1
60,,,,1.0154053055237902,,0.1572565400686461,0.8599442720679614,0.6809987387796096,,0.3506925352115745,,,,,,1,0
61,,,,0.36758835317967153,,0.5810446125501038,1.6002577362892678,0.7165969017368182,,1.638448641773794,,,,,,1,0
62,,,,0.34741433641570424,,1.1743808368291986,0.3840336063259759,0.9083742255611763,,1.971180773008808,,,,,,1,0
63,,,,0.3685185049722316,,1.309857662212618,1.2434090286292232,0.8851416743164617,,0.732570068929696,,,,,,0,1
64,,,,4.308032503555573,,0.10462595461762222,0.13310931031551573,0.5713912907800393,,0.6447524390416763,,,,,,0,1
65,,,,0.15488976347420685,,0.05364068189688588,0.23751946920204922,0.5438374272572598,,0.3922872047759462,,,,,,0,0
66,,,,1.0667285031943468,,0.37392570543847775,0.3808966470134849,0.621871299875322,,0.3230315161009816,,,,,,0,1
67,,,,0.5058893340150186,,2.0684018830015733,0.7638149558704562,0.36886317946558145,,0.6956468153919514,,,,,,0,1
68,,,,0.07193205990368344,,0.8661141835606158,0.5863350638461474,0.279513774868187,,1.313130816970853,,,,,,1,0
69,,,,0.6179059506417213,,0.11116365696529742,0.5658014190020845,0.11222824769944993,,0.7112012488369605,,,,,,0,1
70,,,,0.624663017286054,,1.3289621429332221,0.17774095608293822,0.6809987387796096,,0.6721824255147352,,,,,,0,0
71,,,,0.2886676797796417,,0.32390907511399275,2.0118468479581995,1.3464750929459393,,1.0646378716339777,,,,,,0,1
72,,,,0.9080460413892989,,0.7509852822730875,0.8981820522255003,0.6702182460740743,,0.4663282676596158,,,,,,1,0
73,,,,0.9150057487348584,,1.370395527272895,0.3510696124013932,0.8346096615412065,,0.6137723757745791,,,,,,1,0
74,,,,0.01936259722697901,,0.37707656262827477,0.17850947616817975,0.6702182460740743,,1.2851667044057915,,,,,,0,0
75,,,,0.3360638676188613,,0.09667653780540446,0.8750724638687495,0.29270111040968044,,0.9982671842490254,,,,,,0,1
76,,,,0.5796255321514372,,0.11723708102620474,0.47124385187067486,0.279513774868187,,0.34148037921785174,,,,,,1,0
77,,,,1.7294534845228569,,0.7031732463438294,0.972335683206493,3.112088839239766,,2.4687276366771065,,,,,,1,0
78,,,,0.3360638676188613,,0.11799646756249674,0.5753420410029193,0.6809987387796096,,0.06837526389371745,,,,,,0,0
79,,,,0.7146705458514777,,0.11839387929637209,0.08500322465957784,0.6105735017426321,,0.9873574804424381,,,,,,1,0
80,,,,0.3685185049722316,,1.960227797903613,1.7050129619867607,1.429276137497779,,0.6896324941047287,,,,,,0,1
81,,,,2.58939407777975,,1.5914618479933627,2.5092850340713673,1.966282506902663,,0.9313457721054934,,,,,,0,1
82,,,,0.09340361507283151,,0.4364097270271289,1.5938599349120035,0.8851416743164617,,1.3637368305883546,,,,,,1,0
83,,,,0.07193205990368344,,0.2823451999499717,0.20066638900911138,0.6809987387796096,,0.6367685279284332,,,,,,0,1
84,,,,0.7920378327541416,,0.07414518501023229,1.9513574752918807,1.4460072251748741,,0.8577646096739776,,,,,,1,0
85,,,,0.3685185049722316,,0.9312282862985651,0.8706112492923543,0.8023912369119669,,0.20197679910020824,,,,,,1,0
86,,,,0.01936259722697901,,1.7216287902408662,0.7801359440275367,0.6809987387796096,,0.23425334169016365,,,,,,0,1
87,,,,0.22772638067242382,,0.413611823592726,0.8847774302417845,0.6809987387796096,,0.3867550274532325,,,,,,1,0
88,,,,0.9010537357639566,,1.3162374330481124,0.5989123405074847,0.21127481005481857,,1.230839448255446,,,,,,1,0
89,,,,0.03212024665940912,,1.9507640015759964,0.6792884994098115,0.6702182460740743,,0.09563539674084064,,,,,,1,0
90,,,,3.162846848617967,,0.734559468368311,0.6418664437203889,0.652361364546891,,0.06954118904844624,,,,,,0,1
91,,,,0.3360638676188613,,1.0389312962415884,0.26070944824120346,0.10892432910935623,,0.25417398604481184,,,,,,1,0
92,,,,0.5058893340150186,,1.1322003266222116,0.4235692954983429,0.6809987387796096,,0.2962868247559509,,,,,,0,0
93,,,,0.2731975462954903,,0.7902979340687742,2.523965536240018,2.091577540513556,,0.7982840846096647,,,,,,0,1
94,,,,0.6662493977785375,,0.7972092643549541,1.5632805548680317,0.20906656777394592,,2.602975457197808,,,,,,0,1
95,,,,0.7390145870458887,,0.910660070233995,1.8652157375316885,1.4460072251748741,,0.74345854646801,,,,,,0,1
96,,,,0.4185630073640097,,0.9312282862985651,0.62630394167025,0.4200817419564996,,0.3665272374757161,,,,,,0,1
97,,,,0.2886676797796417,,0.6308121786605494,0.43596889380591214,0.2847029129896749,,1.0952787859834876,,,,,,1,0
98,,,,0.3200973568992914,,0.688345240363848,0.9093694378440388,0.05294776496279344,,1.5627049081381168,,,,,,0,1
99,,,,0.2638762072850816,,0.5573340055861995,0.8485495051731968,0.5438374272572598,,0.5218271682773096,,,,,,0,0
100,,,,0.22772638067242382,,0.512616090575344,0.09980742714086839,0.4200817419564996,,0.43405622826708573,,,,,,1,0
101,,,,1.0409248076613113,,0.634926816636421,0.3826956247431604,0.6809987387796096,,0.35820356713554485,,,,,,0,1
102,,,,0.27457771921748597,,0.23925704040538998,0.6102635430085871,1.0088527340904578,,0.45584632093318966,,,,,,0,0
103,,,,0.09340361507283151,,1.3841486445349225,0.22149795948948142,0.344851536246939,,0.8369037005085788,,,,,,0,1
104,,,,0.25788608364337073,,0.5219462657883127,0.7433013749813158,0.46813524906154497,,0.4725374372586978,,,,,,0,0
105,,,,0.3685185049722316,,5.0952824178741105,0.29858452752992104,0.3624952131266279,,0.04687513534978096,,,,,,1,0
106,,,,0.304299807135339,,1.4447062020989379,0.2956466640501402,0.5185923111795536,,0.30370086959761206,,,,,,1,0
107,,,,0.5644244033044357,,1.0161268545322726,0.216633279449421,0.38926474024786295,,0.2101028400502179,,,,,,1,0
108,,,,0.7181351624713345,,0.9604637747951625,0.5855054284078338,0.5813125388075259,,0.08296841909938216,,,,,,0,0
109,,,,0.3360638676188613,,1.6092182197279732,2.682402945794797,1.8210328732424028,,1.9318531908625398,,,,,,1,0
110,,,,1.9217380008366358,,0.14935338717663674,1.591215228812771,1.2763514169440826,,0.7317117849958746,,,,,,0,1
111,,,,1.2550540199216573,,0.06486067880679855,1.7152646086113028,2.9581396082421096,,1.2621254886728464,,,,,,1,0
112,,,,0.5796255321514372,,1.97849621884014,1.8904662557611422,2.2200743293663083,,0.3285809236656348,,,,,,1,0
113,,,,0.03212024665940912,,1.2164546070695446,0.5512329932424503,0.045769268988968805,,0.9173688390900705,,,,,,1,0
114,,,,0.5796255321514372,,0.7966599688775302,0.7029586420337429,0.06179657779395633,,1.1659060570759547,,,,,,0,1
115,,,,1.2824466145530522,,1.2099562465506264,0.3269502706922503,0.6809987387796096,,0.443020756969358,,,,,,1,0
116,,,,0.43562438760223493,,0.5457142977142388,0.7196494196179004,2.0068687605839557,,2.0363996951740235,,,,,,0,0
117,,,,0.10539447891072261,,1.0291346047595467,0.37566889438102274,1.0818424151085608,,1.0528454316553628,,,,,,0,1
118,,,,0.7601901835332818,,0.6325061314167799,0.19045053679703952,0.4200817419564996,,0.2934667985877375,,,,,,0,1
119,,,,0.12672186136147026,,1.3993361811283125,0.4928635738560829,0.1388722211740458,,0.9657756468541704,,,,,,0,0
120,,,,0.2422402557994054,,0.3042873887170095,0.5766714537898435,0.10892432910935623,,0.7321509614746842,,,,,,0,1
121,,,,0.22772638067242382,,1.4932154526620702,0.04616426724409044,1.6664448810072465,,2.545760881485183,,,,,,1,0
122,,,,0.25788608364337073,,0.4911585811660695,0.5278636014462821,0.029525771489266665,,0.8588168310079886,,,,,,1,0
123,,,,1.5591431361808463,,0.8934840770703417,0.19714464848460383,0.1313841188542671,,0.5044413034385195,,,,,,1,0
124,,,,0.5796255321514372,,1.5982773605429945,1.7072182229048833,1.3806915788817127,,0.7741165132632235,,,,,,0,1
125,,,,0.22772638067242382,,1.1140266671932995,0.028785543358029884,0.4200817419564996,,0.5450366357003259,,,,,,0,1
126,,,,1.7120003827135282,,0.7966599688775302,0.0076159994323660146,0.7611539648542243,,1.1595644239323184,,,,,,1,0
127,,,,0.9894946677307176,,1.5670832795418368,0.02809983545129418,0.858748196106071,,1.3441197740665694,,,,,,1,0
128,,,,0.3200973568992914,,0.2751514278156656,0.7915456317556264,0.6431264502857804,,0.30254918881459203,,,,,,1,0
129,,,,0.6179059506417213,,0.1762168958055727,0.16332980049652182,0.4200817419564996,,0.3354087884247048,,,,,,1,0
130,,,,0.1980042927545721,,0.02198604736502345,1.1208100029268206,1.031572232022571,,0.2849036346583923,,,,,,0,1
131,,,,0.05854314036566046,,0.41263137332349753,0.2564225959095677,0.4200817419564996,,0.1918764115606815,,,,,,0,1
132,,,,0.7304680956154301,,0.03553155613990456,0.7116892180517523,0.596943078524094,,0.24848432775941015,,,,,,0,1
133,,,,0.9174781057490461,,0.326616259444391,0.3871023538447261,0.9541023784063606,,0.7184840190338372,,,,,,0,1
134,,,,0.5058893340150186,,0.9194924836590257,0.0535086481346519,0.4200817419564996,,0.6745470563954551,,,,,,0,1
135,,,,0.8939680998387179,,1.8681046813386641,0.3738504456528145,0.8346096615412065,,0.5791352432522918,,,,,,1,0
136,,,,0.11728979700172304,,0.42005838618216323,0.8318017638126625,0.19258061366032467,,0.9888870814231386,,,,,,0,1
137,,,,2.9369213654181734,,1.1110625765214208,0.32661310302688545,0.6809987387796096,,0.4435350744108753,,,,,,0,1
138,,,,0.8292680545625154,,0.05020534741585613,1.0064644741810822,1.4757360862106936,,0.6381734327256341,,,,,,0,1
139,,,,0.3685185049722316,,0.6664472903404984,1.5686028201766962,1.209687893352198,,0.6469528807871294,,,,,,1,0
140,,,,2.42173879811105,,0.5576074993183412,0.2724663972780572,0.3074498733162005,,0.009623065551906127,,,,,,1,0
141,,,,1.9393218851868919,,0.12415376649990123,0.1347558500195604,0.3624952131266279,,0.29931455163109394,,,,,,0,1
142,,,,0.3360638676188613,,0.21689679886593924,0.8128080672324016,0.11626572200270699,,1.406538083969095,,,,,,1,0
143,,,,0.624663017286054,,0.6729337266503965,0.2863170889500504,0.2661773623568506,,0.06009707138258452,,,,,,0,1
144,,,,3.522866715616317,,1.2757454574776426,1.0654983362588806,0.6702182460740743,,2.602975457197808,,,,,,1,0
145,,,,0.22772638067242382,,0.5810700490474566,1.4043530178248316,1.1219830599213014,,0.535231380973626,,,,,,1,0
146,,,,1.3462081003280972,,1.089783730999675,1.3731884242814634,0.596943078524094,,1.194923098472053,,,,,,0,1
147,,,,2.873000164531018,,0.295302275745808,0.13532489591157337,0.07280409400660019,,0.112472900817596,,,,,,0,1
148,,,,1.7949580862840515,,0.7164570460054727,0.11765125069020252,0.2734591264535647,,0.5706480523312216,,,,,,1,0
149,,,,0.4016944152091906,,1.302100032473297,0.14394713310656612,0.2651051765387423,,0.14812297244987424,,,,,,0,1
150,,,,0.2886676797796417,,1.4143097971230931,2.0460552505172003,1.859656676490022,,0.4657486848775509,,,,,,0,0
151,,,,0.5796255321514372,,1.0311755169027146,1.229751649771624,1.0659772420824314,,0.36485829027542777,,,,,,0,1
152,,,,0.6374206667184854,,1.0539280196101088,0.7527550120212367,0.17562378341752227,,1.4056912749754968,,,,,,1,0
153,,,,1.8116497218581662,,0.1888630855405666,1.192443240691669,1.160820182530851,,0.20311650622832877,,,,,,0,0
154,,,,0.2128719842651685,,1.6143133940529688,1.0381295826727799,1.213589736813641,,0.15208567601977457,,,,,,1,0
155,,,,0.044453179803504744,,0.10462595461762222,1.4529369096160654,0.6809987387796096,,1.1905942170853714,,,,,,0,1
156,,,,0.3360638676188613,,1.1322003266222116,0.15525420845922044,0.2241619589924281,,0.0726635364688209,,,,,,0,1
157,,,,0.47034349944633347,,1.2669996799085854,1.6386898341428315,2.254878799252952,,5.73659753577831,,,,,,0,0
158,,,,0.12909107997431746,,0.4084358177303417,0.5033056476067952,0.10892432910935623,,0.6223845055744313,,,,,,0,1
159,,,,0.03196060044357762,,1.329113190609749,2.5064629193033245,1.9366044836357104,,0.9639227686199833,,,,,,1,0
160,,,,0.935692285587487,,0.3857091690287425,0.835413776224498,1.429276137497779,,0.8543170808123853,,,,,,1,0
161,,,,0.6987040351319078,,1.7498545564439243,0.3247960340334818,0.7043784780943336,,1.4994251298530623,,,,,,1,0
162,,,,0.4016944152091906,,0.4758992259936713,0.6486167927226533,0.1292559458948423,,1.2310287504333988,,,,,,0,1
163,,,,1.152057699752492,,0.7919754366115672,0.21246975097868653,0.30141143884627075,,0.7791087451615515,,,,,,0,0
164,,,,0.03212024665940912,,0.31608214067201285,0.25803985446683114,0.19358294226958533,,0.6895469057529023,,,,,,0,0
165,,,,0.7816704753012045,,2.7079539516084696,0.9185131318220408,2.2850009240254074,,5.087478358895746,,,,,,1,0
166,,,,0.47034349944633347,,0.3383134718166302,2.656335286774448,1.791244742358642,,1.9298008028233251,,,,,,1,0
167,,,,0.15488976347420685,,1.2371189427412654,0.8582407360249731,0.9386164251484478,,0.020835449261373,,,,,,0,1
168,,,,0.27457771921748597,,0.5437001436234395,0.12006898884346194,0.15370902068071085,,0.04028305614289416,,,,,,0,1
169,,,,0.47034349944633347,,0.3857091690287425,0.5929281677867531,0.279513774868187,,0.5425534463545335,,,,,,0,1
170,,,,0.38501430288818805,,0.3846959164518804,1.3674987257181976,1.541808682758265,,0.11309425338573527,,,,,,0,1
171,,,,0.25788608364337073,,1.8191654501807466,0.24047142530911053,0.6660945625248099,,1.3743510092769997,,,,,,0,0
172,,,,0.6179059506417213,,1.345607668408004,0.18678396016077042,0.4200817419564996,,0.29913102002848535,,,,,,0,0
173,,,,0.5905391424999894,,0.20303846191972386,1.1764910828243413,0.12384880820447337,,1.7696714257984048,,,,,,0,1
174,,,,0.7181351624713345,,0.4759654723985367,1.8923072572790722,2.57091375919929,,0.5844321128563795,,,,,,1,0
175,,,,0.01936259722697901,,1.5106264740860964,0.9524938936780909,0.4200817419564996,,0.8437618460642571,,,,,,0,1
176,,,,0.48801062305735327,,0.22505508962942722,1.598201121815664,1.2899619790142125,,0.7222611940650843,,,,,,0,1
177,,,,0.7601901835332818,,1.5390577165387938,1.2484708663830149,1.8440953760983603,,0.8399021623878853,,,,,,1,0
178,,,,0.3685185049722316,,0.809018944332663,0.9760578240848811,1.3916668036039106,,0.551170681190074,,,,,,1,0
179,,,,0.542302225103951,,0.24645000458443755,1.2229601081614805,1.5202413310572973,,0.3340994871260334,,,,,,0,1
180,,,,0.03196060044357762,,0.4869068822966146,0.7330456127124915,0.10892432910935623,,0.963702277737885,,,,,,1,0
181,,,,0.6179059506417213,,0.36410837184632755,0.6195322704935268,0.04640044539325282,,0.8857693069274583,,,,,,1,0
182,,,,0.12672186136147026,,0.013199134652883126,0.3952145427585512,0.722263323225135,,0.45441766563468877,,,,,,0,1
183,,,,0.6374206667184854,,1.1032173189578574,1.1073540072849244,1.0698747742285366,,0.18658755863220225,,,,,,0,1
184,,,,0.01936259722697901,,0.23816549302230214,0.31622987408684744,0.4200817419564996,,0.10030807960538708,,,,,,1,0
185,,,,0.12672186136147026,,1.1408144792017019,1.5799859293696612,0.19358294226958533,,2.6029643232659643,,,,,,1,0
186,,,,0.7844790595332259,,0.7398566347804633,1.1996589851242274,1.2857882253058077,,0.012693802867099785,,,,,,1,0
187,,,,0.2427300699966275,,0.11116365696529742,1.451592140680863,1.6039737092827153,,0.06638528475406033,,,,,,0,1
188,,,,1.1038969257138342,,0.7106243134568901,0.1019542523630081,0.5438374272572598,,0.6020775169520617,,,,,,0,1
189,,,,0.25788608364337073,,0.029168090705047865,1.1343495335870768,0.9721002339407907,,0.3539646850586595,,,,,,0,1
190,,,,0.7181351624713345,,0.34344533521191084,0.2366119203016164,0.7709549684236526,,0.7032523050181697,,,,,,1,0
191,,,,1.0409248076613113,,1.0189842460814778,0.04112552779994478,0.316980711826634,,0.5107577074686486,,,,,,1,0
192,,,,0.3360638676188613,,0.7294471329861341,0.12834936780417164,0.6809987387796096,,0.7487338323910198,,,,,,1,0
193,,,,2.2334811033901647,,0.30020049749734407,0.4415551117400687,0.4928683331759595,,0.011060389904492592,,,,,,0,0
194,,,,0.5731801733996672,,0.06506148604225256,0.1153414651892975,0.5713912907800393,,1.0356371615874636,,,,,,1,0
195,,,,0.044453179803504744,,0.5545907651352282,0.40851111125378675,0.8040205878333807,,0.5598211493123515,,,,,,1,0
196,,,,2.5688968973557333,,0.30020049749734407,1.7572526689369043,1.160820182530851,,1.226165060779384,,,,,,1,0
197,,,,0.1867374126950653,,0.37707656262827477,0.41548066376300086,0.8040205878333807,,0.5484349145339292,,,,,,1,0
198,,,,0.5796255321514372,,0.5302000703852529,0.4944586103890192,0.3074498733162005,,0.32726859286260884,,,,,,0,1
199,,,,1.6166527919024811,,0.3023676904824185,0.06717264922904125,3.692336651824866,,4.6643995472133595,,,,,,0,1
200,,,,1.5726125916626639,,0.5789026224945654,1.261900125964097,1.3656737815464726,,0.0084415682743973,,,,,,0,1
201,,,,0.5239847618957294,,0.026930921804089694,0.5603243503402896,0.6809987387796096,,0.09078751768340057,,,,,,1,0
202,,,,1.356575187281295,,0.923267801668154,0.31831125048186043,0.13433958627370993,,0.3061800306539322,,,,,,1,0
203,,,,0.6414368400695193,,0.5906733188706811,0.5069188115975048,1.0088527340904578,,0.6102065705085974,,,,,,1,0
204,,,,0.22028611717088825,,0.6965336016525366,0.7648358003706002,1.0088527340904578,,0.22763464067941627,,,,,,1,0
205,,,,0.1980042927545721,,0.9855862188885782,0.9586285030629728,0.02055886928828771,,1.6005913054053609,,,,,,1,0
206,,,,0.10539447891072261,,1.0158961903513164,0.017814555544377962,0.2041889437084,,0.3146599143249722,,,,,,1,0
207,,,,1.0977660977058932,,1.2669996799085854,0.3736836219782706,0.4200817419564996,,1.1879826649832412,,,,,,1,0
208,,,,0.8144871959756128,,0.21950005107566278,0.3946370726597887,0.5807769666196912,,0.20316229177534886,,,,,,0,1
209,,,,0.3522029926095117,,1.4030046586259357,0.5570028847530488,0.7165969017368182,,0.17971775513141308,,,,,,0,1
210,,,,0.5991435151485341,,1.4254021356938555,0.8076713022965079,0.6809987387796096,,0.27452080918776056,,,,,,1,0
211,,,,0.7181351624713345,,0.15612014013572345,0.5813437554591715,0.49291680407765215,,0.20318852808484344,,,,,,1,0
212,,,,1.554626175028981,,0.7298669031106476,1.097261793844318,0.3624952131266279,,1.1315648437209709,,,,,,1,0
213,,,,0.6374206667184854,,1.3162374330481124,0.0032745384008516652,0.31864096608304177,,0.46888695191848107,,,,,,1,0
214,,,,2.6405318460730225,,0.8592113129278895,0.13213448210414694,0.6809987387796096,,0.7428550113588679,,,,,,0,1
215,,,,0.45288301359905714,,1.3357981017935414,1.265009605318515,0.8851416743164617,,0.7708434188572098,,,,,,1,0
216,,,,0.27457771921748597,,0.6562424956258334,0.2946619892584072,0.3074498733162005,,0.9021873177885154,,,,,,0,1
217,,,,0.6374206667184854,,0.295302275745808,1.0445868357601806,0.10892432910935623,,1.4154789782804174,,,,,,0,1
218,,,,1.0854283868062702,,1.4631718842567087,0.18064903389449136,0.5713912907800393,,0.5689244757476691,,,,,,1,0
219,,,,0.12672186136147026,,2.6894456477679105,4.274780900500241,4.305683440795546,,0.5963550106439467,,,,,,0,1
220,,,,0.07193205990368344,,0.3998975466326893,0.4657516959265482,1.3611269734216394,,1.3594666668048794,,,,,,0,1
221,,,,3.000083268575577,,1.2661068732739313,0.16098516369217256,0.6809987387796096,,0.6981130454423029,,,,,,1,0
222,,,,0.3522029926095117,,1.7998213714493654,1.1180498509430772,0.5505611769206881,,1.0299900106102131,,,,,,0,1
223,,,,0.22028611717088825,,1.5512499155150423,0.34714393914331654,0.4755043313168453,,0.13015337322765888,,,,,,0,1
224,,,,0.3522029926095117,,0.4869068822966146,0.697383624813684,0.22737487930443923,,0.7942693399234013,,,,,,0,1
225,,,,1.1038969257138342,,1.440466742228587,1.1311400770727853,0.5893130759899278,,0.9937440988511288,,,,,,1,0
226,,,,1.3869708953602808,,0.5520962464887454,0.1560736571774619,0.05294776496279344,,0.3174838488997376,,,,,,0,1
227,,,,0.9288285745458891,,0.2611663041682406,0.13158272474394955,0.06179657779395633,,0.11236153930429574,,,,,,1,0
228,,,,0.2422402557994054,,0.33475308567388756,1.355906927844862,1.7318975572150985,,0.3089852621599235,,,,,,1,0
229,,,,0.9413642876779376,,0.042693288873178414,0.3974364920250574,0.6809987387796096,,0.33584708495033594,,,,,,0,0
230,,,,0.6374206667184854,,0.11116365696529742,0.4060067785435309,0.8346096615412065,,0.5303652647615228,,,,,,0,1
231,,,,0.3200973568992914,,0.37507604021892177,0.44207949291609977,0.279513774868187,,0.2936325636288223,,,,,,0,1
232,,,,1.489910273350101,,0.4115019165269743,0.1740997788993029,1.429276137497779,,1.9445102744515805,,,,,,1,0
233,,,,0.16917556169452003,,0.7925126966214587,2.3122076717204063,2.0661963844275717,,0.7594459138333035,,,,,,1,0
234,,,,0.27457771921748597,,1.0609342342122536,0.9881910502270497,1.160820182530851,,0.153034993576167,,,,,,0,1
235,,,,0.22772638067242382,,0.9417720151379164,0.5772454768580876,0.3074498733162005,,0.4511768145003639,,,,,,1,0
236,,,,0.5986430443862129,,0.026930921804089694,0.0568517457735926,0.8378044483328583,,1.3563112835843916,,,,,,0,0
237,,,,0.22772638067242382,,1.8083152898512047,0.9026390270094174,0.5713912907800393,,0.625528597950336,,,,,,0,1
238,,,,0.04527323502005151,,0.1888630855405666,0.5445260856557614,0.19750752303047958,,0.557759308472898,,,,,,0,1
239,,,,0.5058893340150186,,1.8191654501807466,2.16101689693682,1.8305827645015178,,0.8753606957545924,,,,,,1,0
240,,,,1.6721885694692546,,0.7952872380435015,1.015435697005326,0.02055886928828771,,1.5008395514465143,,,,,,1,0
241,,,,0.6580242831877381,,0.6781881179523929,0.264732908854557,0.1748245148183276,,0.16622606552717442,,,,,,0,1
242,,,,1.0154053055237902,,0.6087411054977534,0.9799799791264552,1.3570391382814575,,0.4872779008775308,,,,,,0,1
243,,,,0.7146705458514777,,1.1408144792017019,0.2072058056982979,0.10892432910935623,,0.47962763259052527,,,,,,1,0
244,,,,0.6975437391558524,,1.0203934003040964,1.399251929870073,1.0276209422468625,,0.6520965460156337,,,,,,0,1
245,,,,0.6374206667184854,,0.9604637747951625,0.2790415545931338,0.6761651847761835,,0.5096843422738909,,,,,,1,0
246,,,,0.12909107997431746,,0.9653650295131746,0.6074670587927522,0.5185923111795536,,0.20766035963415133,,,,,,1,0
247,,,,0.6975437391558524,,0.923267801668154,0.8749265579766943,1.3555433810165098,,0.6651144434870113,,,,,,1,0
248,,,,0.3360638676188613,,0.3116804181804585,0.08225455562520369,0.14614612745918565,,0.0751784027410203,,,,,,0,1
249,,,,0.2731975462954903,,0.4759654723985367,0.6245002093089537,0.5815421005771462,,0.14065405488895946,,,,,,1,0
250,,,,0.12909107997431746,,0.24977452195133568,1.2854767039729678,0.03496457825943467,,2.0919061553888794,,,,,,1,0
251,,,,0.6179059506417213,,1.326096734439483,0.2651337287746705,0.6809987387796096,,1.371256577567584,,,,,,1,0
252,,,,0.6374206667184854,,0.4741055949934456,1.0795611077623521,0.4866394128973488,,0.9335501002457819,,,,,,0,1
253,,,,0.7601901835332818,,0.09271191724387445,1.2618407788607025,0.8023912369119669,,0.760475028131411,,,,,,1,0
254,,,,0.16917556169452003,,1.2908401013284616,0.20540254267715652,0.4200817419564996,,0.27038829288628846,,,,,,1,0
255,,,,0.03212024665940912,,1.8443287928194494,0.923590177480619,1.0818424151085608,,0.13710738532218342,,,,,,1,0
256,,,,0.3360638676188613,,1.336776343358559,0.8788877233254455,0.4200817419564996,,0.7372826427013119,,,,,,1,0
257,,,,0.05854314036566046,,1.0131734081047996,2.4341678559428184,1.1364777119675504,,2.5710515346484883,,,,,,1,0
258,,,,0.4265244746559779,,0.04747190413126074,3.2419310940427803,1.8210328732424028,,3.1137145041433394,,,,,,0,1
259,,,,0.11283474241225817,,0.40953634095224367,1.0043110038514869,0.10892432910935623,,1.8065114022688755,,,,,,0,0
260,,,,0.9080460413892989,,1.3444106406988312,0.6542766164616094,0.2041889437084,,0.7115938668569196,,,,,,1,0
261,,,,0.5986430443862129,,1.4932154526620702,1.6331928516381273,0.8023912369119669,,1.2731861447455457,,,,,,1,0
262,,,,0.47034349944633347,,0.1762168958055727,0.8135405381238772,1.1256783577367508,,0.30992061563004714,,,,,,1,0
263,,,,0.07193205990368344,,0.9227395615102291,0.2672159835406304,0.570112658534578,,0.38281643743282423,,,,,,0,1
264,,,,0.4016944152091906,,0.641163504309298,0.40767449339788026,0.6809987387796096,,0.32033743200166886,,,,,,1,0
265,,,,0.8218959184856006,,1.2579630159912134,0.10881347722706154,0.2720628101360032,,0.21253260672937566,,,,,,1,0
266,,,,0.3685185049722316,,0.15843265829357467,0.8660972365754045,0.6809987387796096,,0.3596352501229433,,,,,,0,1
267,,,,0.5986430443862129,,1.0374075325304644,3.0467332987317177,3.184674772735621,,0.16744568168604498,,,,,,0,1
268,,,,1.2383739076006548,,1.2012622787156757,1.4246331433640769,2.1637307585438297,,0.7396616353893294,,,,,,0,0
269,,,,0.09907561716328214,,0.33475308567388756,0.22595159846033702,0.3976944940940405,,0.23336724931047814,,,,,,0,1
270,,,,0.4016944152091906,,0.47724323488896203,1.555786969704481,1.209687893352198,,0.6294345690195265,,,,,,1,0
271,,,,0.07193205990368344,,0.0027289441736576795,0.004844331354710458,0.16836355147707072,,0.2592178003861141,,,,,,0,1
272,,,,0.3360638676188613,,0.887547936313413,0.07507610146282986,0.19358294226958533,,0.17028790058210597,,,,,,1,0
273,,,,0.624663017286054,,1.7164520617826449,1.3233864505457158,0.8760401988186357,,0.7478302981456687,,,,,,1,0
274,,,,0.5986430443862129,,1.5670832795418368,0.10711499023752981,0.8346096615412065,,0.9892542590966795,,,,,,0,1
275,,,,0.25788608364337073,,0.5999746782028343,0.14659808637874697,0.3237092877742639,,0.22655281635223418,,,,,,0,1
276,,,,0.3522029926095117,,0.5887759267414465,0.5000354875540605,0.3624952131266279,,0.2584014860764816,,,,,,0,0
277,,,,2.4880988128655477,,2.056977612752655,0.00819694494487026,0.5185923111795536,,0.7620038713932408,,,,,,1,0
278,,,,0.16917556169452003,,1.4188356330121945,0.8469198292385042,0.6809987387796096,,0.3317466347992504,,,,,,1,0
279,,,,1.7091973457729093,,0.5457142977142388,0.08141983803887448,0.25474145151226096,,0.4867294576531487,,,,,,0,1
280,,,,0.8727523285069907,,0.8971413411794916,0.052764914226631404,0.5713912907800393,,0.7721441956877724,,,,,,1,0
281,,,,0.019082133026365303,,0.6664472903404984,0.7672886474647441,1.085113392709757,,0.4084922695347434,,,,,,0,1
282,,,,0.10539447891072261,,0.5887759267414465,2.59777899549835,2.8234053575541194,,0.06189352971056374,,,,,,1,0
283,,,,0.5796255321514372,,0.05533966167797454,2.2275775327875853,2.42197357714639,,0.04748227859874229,,,,,,0,1
284,,,,0.4071364810886714,,0.5214395286243758,0.809587050807274,0.6809987387796096,,0.27731869879642873,,,,,,0,0
285,,,,0.6825649101412574,,0.8886320470218363,0.05594252813145208,0.5713912907800393,,0.7671239213689683,,,,,,1,0
286,,,,0.27457771921748597,,1.3400345907713336,1.1234420976744508,0.780305860032677,,0.5948483494358914,,,,,,1,0
287,,,,1.7120003827135282,,1.4173024190842365,0.8562279957799862,0.6809987387796096,,0.34528892616827966,,,,,,0,1
288,,,,0.3200973568992914,,0.8194549675305121,0.12156973222088112,0.6809987387796096,,1.141481837706301,,,,,,1,0
289,,,,0.2638762072850816,,0.3541933410456084,2.4593150820196725,2.091577540513556,,0.716602779627317,,,,,,0,0
290,,,,2.0308535503786618,,0.9053180855372503,0.3096061536419524,0.3291767014826068,,0.016680721292761977,,,,,,0,1
291,,,,0.0061569049105421264,,1.2905593717494883,0.5904082416001045,0.40516488312469756,,0.3506571123700283,,,,,,1,0
292,,,,0.1867374126950653,,0.9653650295131746,0.22431366884355874,0.2784326243427071,,0.0427289931093342,,,,,,0,1
293,,,,0.05854314036566046,,1.7498545564439243,0.402916434930762,2.91511588348195,,4.23507479144054,,,,,,1,0
294,,,,0.1639452978886264,,0.44485171302622073,0.41514989521102413,0.4200817419564996,,0.05005139579131767,,,,,,1,0
295,,,,0.05854314036566046,,0.9541601761642194,2.2830228362485414,1.5815688575534887,,1.1188005496164357,,,,,,1,0
296,,,,0.03196060044357762,,2.2401026296950555,0.3924055748778658,0.4200817419564996,,1.2184854583714684,,,,,,1,0
297,,,,0.3360638676188613,,0.3454508828750418,0.7133779554916811,0.6809987387796096,,0.13621421602793457,,,,,,1,0
298,,,,0.4265244746559779,,1.8908848263055134,0.07499687499487633,0.10892432910935623,,0.26905699291711266,,,,,,0,1
299,,,,2.1927379053667333,,0.2453647791840029,1.1397290360374523,0.279513774868187,,1.4756377163180934,,,,,,1,0
300,,,,0.25788608364337073,,0.37379976687242333,0.4554870742936631,0.3552651063525026,,0.20271407845957912,,,,,,0,1
301,,,,0.05684208511069731,,0.34661194128642847,0.7599927563595935,0.6809987387796096,,0.20473326676361084,,,,,,1,0
302,,,,0.6580242831877381,,0.5746381537033481,0.7957955901398159,0.2041889437084,,1.5854618232310471,,,,,,0,1
303,,,,0.34741433641570424,,3.008541028065506,0.938277735857273,0.6243513117356307,,0.541420770268763,,,,,,0,0
304,,,,1.340997433530956,,0.2701012118886199,3.00702723625712,1.6547006980356092,,1.9305660567443568,,,,,,1,0
305,,,,0.09340361507283151,,0.641163504309298,0.4241019750232447,0.1388722211740458,,0.4717062591445015,,,,,,0,1
306,,,,0.35753542278800937,,1.2908401013284616,0.29597202368181186,0.2444638996356237,,0.11523474751322645,,,,,,0,1
307,,,,0.14073937770096973,,0.40953634095224367,0.5182652780458485,0.09254943032408898,,0.9361469571859206,,,,,,1,0
308,,,,0.09340361507283151,,0.2981779525381188,1.0741777352468207,1.6434549129249365,,0.8025094813666058,,,,,,0,1
309,,,,0.44566389734950085,,1.7936299390839252,0.9494759422439529,0.6809987387796096,,0.48033634874911957,,,,,,0,1
310,,,,0.6571938633641179,,1.5145345795842529,1.3394556473959314,0.9361274165393044,,0.8229807210938086,,,,,,1,0
311,,,,0.15488976347420685,,0.4084358177303417,0.8305078933700887,0.0376748884510207,,1.2970678305940995,,,,,,0,1
312,,,,0.03196060044357762,,1.0953862234342306,0.11212218252704605,0.5713912907800393,,0.6781210079326628,,,,,,0,1
313,,,,0.4265244746559779,,0.7944105688456763,0.017247787259671177,0.10892432910935623,,0.12366439472494466,,,,,,1,0
314,,,,0.5467572796934158,,2.5715664611000117,1.1836885341407635,1.5533659926812289,,0.3272650187323425,,,,,,0,1
315,,,,0.9695453126658862,,1.2060516706912185,0.020616803027335803,1.1052563158316298,,1.658975136463297,,,,,,0,0
316,,,,0.7768818191073971,,0.8660830024812549,0.5717798792884654,1.003793075398596,,0.6059173879577131,,,,,,1,0
317,,,,0.4185630073640097,,0.18703112450684622,1.6954183379880612,1.429276137497779,,0.671860940512801,,,,,,1,0
318,,,,0.1980042927545721,,2.7079539516084696,0.07963073262684257,0.1748245148183276,,0.3705149816258949,,,,,,1,0
319,,,,1.1202100505316324,,1.0253698571338712,0.91010647499579,1.031572232022571,,0.07982822436435241,,,,,,0,1
320,,,,0.14073937770096973,,1.5381879640005407,0.3100850316288303,0.15370902068071085,,0.7106126740132716,,,,,,1,0
321,,,,0.6772324799627584,,0.7518561557849384,0.313417779774256,0.279513774868187,,0.08411290627983456,,,,,,1,0
322,,,,1.4564689337218042,,1.0013634713189234,0.8639296020040167,2.0413211464298238,,1.3875011051850252,,,,,,0,1
323,,,,0.5986430443862129,,0.6842608906963802,0.36625943397903155,0.4200817419564996,,0.02409325327266103,,,,,,1,0
324,,,,0.48801062305735327,,0.25400143977983336,0.364415333481422,0.6809987387796096,,0.38596976424567486,,,,,,1,0
325,,,,0.6975437391558524,,0.19117188708138896,0.7762224067104857,0.6809987387796096,,0.22852217000864644,,,,,,1,0
326,,,,0.6772324799627584,,0.734559468368311,2.4343297742479715,1.7318975572150985,,1.1243881015111878,,,,,,0,1
327,,,,3.2734792699468267,,0.8297354322361716,2.0808681535437135,2.1566910896783544,,0.14794292191389233,,,,,,0,1
328,,,,0.6179059506417213,,0.2807791688724917,0.027186094974389254,0.31788618098581073,,0.5155912998243104,,,,,,1,0
329,,,,0.48801062305735327,,0.9869822571495107,0.12859546481884512,0.4200817419564996,,0.38927816345196803,,,,,,0,1
330,,,,0.5467572796934158,,0.42442089870251454,0.8217011993761124,0.7865775859739105,,0.1520755208567033,,,,,,1,0
331,,,,0.7692457179477027,,0.20376247139864143,0.7845180570973409,0.7402657017745583,,0.1602714180438026,,,,,,0,1
332,,,,0.3200973568992914,,0.692274631887606,1.142997358617826,0.8676478833125787,,0.5053081922100127,,,,,,0,1
333,,,,2.630383045757109,,0.10328054941311386,1.7060240729043339,2.0119918816643945,,0.1724602396808163,,,,,,1,0
334,,,,0.45288301359905714,,0.25639539303342807,0.26105912572221274,1.0088527340904578,,0.9833033807178168,,,,,,0,0
335,,,,0.5986430443862129,,0.1572565400686461,1.1412993578215571,0.8851416743164617,,0.5527401118172682,,,,,,0,1
336,,,,0.624663017286054,,0.6453374877592122,0.896610782408887,0.5438374272572598,,0.5916200247455276,,,,,,1,0
337,,,,0.05854314036566046,,0.7376753796745039,1.3346332003022756,0.04814294825678979,,2.2996705842774503,,,,,,0,1
338,,,,1.7529030652221036,,0.18618391890076055,1.234164495561891,0.8614157818440195,,0.75349260087073,,,,,,1,0
339,,,,2.281505162879365,,0.4355165423364609,0.44827288089446504,0.2720628101360032,,0.3075994402941056,,,,,,0,1
340,,,,0.04527323502005151,,0.8297354322361716,1.6384716004904125,0.9967377376812474,,1.269187588384081,,,,,,1,0
341,,,,0.5107831408550397,,0.7925126966214587,1.2173905127818574,0.8040205878333807,,0.8136819590532762,,,,,,1,0
342,,,,0.2128719842651685,,0.5624158080474801,0.13255773814958946,0.07505510165756075,,0.10494146198532282,,,,,,0,0
343,,,,0.18359938908804116,,0.029168090705047865,0.11180071920754511,0.2661773623568506,,0.21936766480049213,,,,,,0,1
344,,,,0.38501430288818805,,1.4129146802267325,0.9569681753518222,1.045203770034666,,0.021116117724641375,,,,,,0,1
345,,,,0.05854314036566046,,0.8934840770703417,1.5258468636525282,1.209687893352198,,0.58843296380066,,,,,,1,0
346,,,,0.18359938908804116,,1.089783730999675,2.684019121181245,1.3711809797792318,,2.6939216146099056,,,,,,0,1
347,,,,1.152057699752492,,2.034614314574755,1.0768152965337316,2.444762784441409,,2.2123370671818563,,,,,,1,0
348,,,,1.2271493846329458,,1.2086658503731715,1.309792457199239,0.7435410150021682,,1.0716793043661812,,,,,,1,0
349,,,,0.35753542278800937,,0.24295408929702178,0.6434302933989775,0.652361364546891,,0.07185937837771186,,,,,,1,0
350,,,,1.6721885694692546,,0.6019692922418707,1.922839078169765,0.9361274165393044,,1.896309120904119,,,,,,1,0
351,,,,0.09907561716328214,,1.031635545941111,0.5847972741407308,0.6809987387796096,,0.05427994353756834,,,,,,1,0
352,,,,0.04527323502005151,,1.7164520617826449,0.6721220710960967,0.5095482007837125,,0.32932944428344313,,,,,,0,0
353,,,,0.47034349944633347,,0.0027289441736576795,0.8586862744649768,1.0088527340904578,,0.09060674474334933,,,,,,1,0
354,,,,0.03196060044357762,,0.16721224579613644,0.5764587015481913,0.2444638996356237,,0.5388660833783876,,,,,,0,1
355,,,,0.20918677591653648,,0.9869822571495107,0.6854236793102999,0.6809987387796096,,0.09498667143841363,,,,,,1,0
356,,,,0.16917556169452003,,1.0158961903513164,1.1666784859103179,1.5681601350542314,,0.513640051580327,,,,,,1,0
357,,,,0.07193205990368344,,1.2297138314110279,0.42357976318469853,0.6511244546913453,,0.2982961880414269,,,,,,0,1
358,,,,0.41686195210904786,,0.9521319860152465,0.6827484005764057,0.6809987387796096,,0.09103568797111156,,,,,,1,0
359,,,,0.3775740393866512,,1.117535080976733,0.3904868596558281,0.35128975247038935,,0.10877983519357665,,,,,,0,1
360,,,,0.09340361507283151,,0.641163504309298,0.9263705878618567,0.7709549684236526,,0.32511743478249827,,,,,,1,0
361,,,,0.09907561716328214,,0.06506148604225256,0.6296574901917309,0.8346096615412065,,2.176326179231907,,,,,,1,0
362,,,,0.34741433641570424,,0.6197765094144966,1.4158239224657587,1.0088527340904578,,0.6998282827797387,,,,,,1,0
363,,,,0.6179059506417213,,0.7944105688456763,0.37536409039114793,0.4200817419564996,,0.010260605106279021,,,,,,1,0
364,,,,0.16917556169452003,,0.15612014013572345,1.0461305162992964,1.3226919800467583,,0.22926300147656326,,,,,,1,0
365,,,,0.7390145870458887,,0.688345240363848,0.3391165129288144,0.5266591580775062,,0.21309167536321752,,,,,,1,0
366,,,,2.1294591187891942,,0.18167575348960377,0.17370443025417853,0.0932239851995659,,0.41242407627519306,,,,,,1,0
367,,,,0.08544214778086325,,0.5631643232676768,0.12260779194401779,1.031572232022571,,1.3796042939364086,,,,,,0,0
368,,,,2.0209561360805157,,0.49591095852293887,0.26477136036141574,0.6809987387796096,,0.5381372596070902,,,,,,1,0
369,,,,1.1476026451630272,,0.12294084442636091,1.6609364365921144,1.6434549129249365,,0.24906006396378577,,,,,,0,1
370,,,,0.03196060044357762,,0.16994595116591776,0.45800282910516954,0.2819428318309609,,1.1322216950840354,,,,,,0,1
371,,,,0.1980042927545721,,0.26890895956602406,0.06192615756663456,0.4200817419564996,,0.49315973746104813,,,,,,0,1
372,,,,0.48801062305735327,,1.2086658503731715,1.0748866126211134,0.3057424967560403,,1.323387474328965,,,,,,0,1
373,,,,0.4016944152091906,,1.5993261265311718,0.08084417391044314,0.3624952131266279,,0.6373887101810239,,,,,,0,0
374,,,,0.18359938908804116,,0.3750686127077514,0.26876099459543396,0.5834570870398724,,0.39876757788352285,,,,,,1,0
375,,,,0.6825649101412574,,0.28135698276809157,0.2258809419540952,0.2860966924925095,,0.051122378389863936,,,,,,0,1
376,,,,0.34741433641570424,,0.139754944767463,0.33215989556704784,0.4200817419564996,,1.12052179155408,,,,,,1,0
377,,,,0.7995585263515069,,0.688345240363848,0.23820498112550012,0.6809987387796096,,0.5789417168312476,,,,,,1,0
378,,,,0.45514237059933194,,0.887382440850643,0.9245623497439553,1.3806915788817127,,0.6216182749850204,,,,,,1,0
379,,,,0.15241740646001914,,1.2973145304721516,0.1629177199954668,0.5438374272572598,,0.5074115227123165,,,,,,0,1
380,,,,3.636550885837712,,0.5986980756488167,1.4129844356153893,1.315477245128237,,0.34400731286081604,,,,,,1,0
381,,,,1.7120003827135282,,0.29188224218311676,0.022524563569996565,0.10892432910935623,,0.18619954367454766,,,,,,0,1
382,,,,0.7816704753012045,,0.6529871107082674,0.8252113286950744,0.2063475942765091,,1.5569501429536268,,,,,,0,1
383,,,,0.5991435151485341,,1.2579630159912134,0.7136694101609807,0.654329098425709,,0.1778096730443324,,,,,,1,0
384,,,,0.9960856476278926,,0.7106243134568901,0.4889316639201959,0.4200817419564996,,1.3766099821359294,,,,,,0,1
385,,,,2.6557540925342478,,0.36813065974545944,0.24581901085994334,0.4548818019028129,,0.28755080526316784,,,,,,0,1
386,,,,0.2530974274495646,,1.3841486445349225,0.0021082737837534184,0.31954832330217303,,0.45291030504312063,,,,,,0,1
387,,,,0.9174781057490461,,0.1762168958055727,0.21282806745816485,0.6809987387796096,,0.6180121022685825,,,,,,1,0
388,,,,0.5731801733996672,,0.8033105610800618,0.8115235699326238,0.37380223411238744,,1.8511487183484732,,,,,,0,1
389,,,,0.48801062305735327,,1.4186479131652938,1.2374834376322248,0.6382795532852898,,0.9486933498625,,,,,,1,0
390,,,,0.01936259722697901,,0.26890895956602406,1.3270463933190804,1.914486098535144,,0.8223519465859305,,,,,,0,1
391,,,,0.48801062305735327,,0.9533660943196323,0.6121652947777322,0.474273152573953,,0.27024962958727633,,,,,,1,0
392,,,,0.08544214778086325,,0.497591946286592,0.760824189519526,0.570112658534578,,0.3575237986162969,,,,,,1,0
393,,,,0.48801062305735327,,0.6496256989396909,1.1735244240600025,1.0088527340904578,,0.36082306973886147,,,,,,1,0
394,,,,1.7120003827135282,,1.339171476572999,0.42292568698445165,0.17620704873551143,,0.4051938050737502,,,,,,0,1
395,,,,0.12909107997431746,,0.6529871107082674,0.02294698996781579,0.35128975247038935,,0.4581027032498792,,,,,,0,1
396,,,,0.7601901835332818,,1.1268915800733514,0.7252340403140423,1.1094937102630404,,0.41816603213329434,,,,,,0,1
397,,,,0.6179059506417213,,0.9085943581727861,1.7714652727843643,2.0900884197980814,,0.31996092213115324,,,,,,1,0
398,,,,1.0604427906584082,,0.20303846191972386,2.675870321658084,2.6033752002463646,,0.5135600335641115,,,,,,0,1
399,,,,2.7521007156427957,,1.821104981120143,0.6935347023816543,0.279513774868187,,0.7105661049035319,,,,,,1,0
400,,,,0.3685185049722316,,0.15355404382175528,1.5972919815929176,0.48014149643634335,,1.9948998666054245,,,,,,0,1
401,,,,1.3770958474596673,,0.21950005107566278,0.32713110172775967,0.10892432910935623,,0.3557987634210766,,,,,,0,1
402,,,,0.3522029926095117,,0.08795292466064962,0.33838288580848247,0.7698585764366229,,0.6207430260214194,,,,,,0,1
403,,,,0.18359938908804116,,0.6455793924512768,0.010011178436297861,0.5077361765834582,,0.7426687370885378,,,,,,1,0
404,,,,0.5608472402555715,,0.6650966640985166,0.46452291041408666,0.2041889437084,,0.42818639936400266,,,,,,1,0
405,,,,0.3522029926095117,,0.013199134652883126,0.8164497832347329,1.541808682758265,,1.074255350712117,,,,,,0,1
406,,,,0.3269639546726043,,0.12540987772940282,0.0269832721928703,0.4825963917095394,,0.6778436203394645,,,,,,1,0
407,,,,0.8708226048621427,,0.27492780260075017,0.2889736232580417,0.18453490590404498,,0.18955131908918796,,,,,,0,1
408,,,,0.05854314036566046,,0.10001802229362385,0.13725810544769596,0.2041889437084,,0.07223495643145476,,,,,,0,1
409,,,,0.7601901835332818,,2.7079539516084696,1.280543385473053,1.4460072251748741,,0.05513485137179159,,,,,,1,0
410,,,,0.11283474241225817,,1.146180694324205,1.2509666204516532,1.9723298076424807,,1.0586378826205192,,,,,,0,1
411,,,,0.05854314036566046,,1.2905593717494883,2.3504997462591963,1.7878809222376588,,1.3203717423125592,,,,,,1,0
412,,,,2.391343090032064,,1.2694056508680578,0.2568441348672609,0.279513774868187,,0.8148168085133635,,,,,,1,0
413,,,,0.22772638067242382,,0.0027289441736576795,0.5233928226710485,0.5438374272572598,,0.04167546102599274,,,,,,1,0
414,,,,0.03196060044357762,,0.692274631887606,0.7329975357523838,0.1388722211740458,,0.9844139976593667,,,,,,0,1
415,,,,0.15488976347420685,,1.2478415363747888,1.3076250815657435,2.0270370097659884,,1.0540880918126576,,,,,,0,0
416,,,,0.8511685136627279,,0.2958206884763528,1.298199095844468,1.4331604702555252,,0.014077605284627356,,,,,,1,0
417,,,,2.9635039053402554,,0.7103169578887296,1.3800141748810193,0.3749922913211716,,2.597198515380308,,,,,,1,0
418,,,,0.9080460413892989,,0.7209252164630096,1.9751778807588642,1.382951183389946,,0.9696225717195615,,,,,,1,0
419,,,,0.05684208511069731,,0.8044805750605317,0.22585883150098843,0.07417365268017881,,0.2504674126952883,,,,,,0,0
420,,,,0.2638762072850816,,0.8886320470218363,0.5692915813157755,1.7318975572150985,,1.4425207038629964,,,,,,1,0
421,,,,2.538783993065703,,0.18167575348960377,0.45413135099411167,0.24037670464888491,,0.3612195636010334,,,,,,1,0
422,,,,0.3522029926095117,,0.7398566347804633,0.42315557889273575,0.5834570870398724,,0.16366198692288747,,,,,,1,0
423,,,,0.3360638676188613,,0.05020534741585613,0.9847839396040786,1.237061147488203,,0.2067601018820731,,,,,,1,0
424,,,,0.47034349944633347,,1.2478415363747888,0.7211702475887003,0.1388722211740458,,0.9645034440023298,,,,,,1,0
425,,,,0.044453179803504744,,0.774417225868832,0.27168615789836126,0.6243513117356307,,0.45028951542616125,,,,,,0,1
426,,,,0.3522029926095117,,0.17012344898143228,0.42623816795039615,0.2041889437084,,0.3704136734866655,,,,,,1,0
427,,,,0.5016525036958903,,0.7103169578887296,1.4621186565732638,0.6809987387796096,,1.2032592567806613,,,,,,1,0
428,,,,0.07193205990368344,,0.3391521273831946,0.8592042450892304,0.9541244777842819,,0.04373110983235851,,,,,,0,1
429,,,,0.04527323502005151,,0.9085943581727861,0.010883336390557379,0.3624952131266279,,0.5269452420600074,,,,,,1,0
430,,,,0.6076985788006337,,0.5396341926324805,0.22172062372223134,0.17284108653022343,,0.09396218556077564,,,,,,1,0
431,,,,0.14079980291205113,,0.8683480668981735,0.20287275602556312,0.2041889437084,,0.029301412835652064,,,,,,0,0
432,,,,0.48801062305735327,,0.5125483301195094,0.14141501392536435,1.209687893352198,,1.4309035388522569,,,,,,1,0
433,,,,0.4185630073640097,,0.04863783811545738,0.10579908700167195,1.429276137497779,,2.3859090503909153,,,,,,0,1
434,,,,0.7390145870458887,,0.887547936313413,1.1893615746813477,1.7878809222376588,,0.8473563190345617,,,,,,1,0
435,,,,0.09340361507283151,,1.0863582729843126,1.8973589584065265,0.7771189467541129,,2.097536967023594,,,,,,0,1
436,,,,0.43562438760223493,,0.7475852816202735,1.6175388239916029,2.2200743293663083,,0.8368781871370983,,,,,,1,0
437,,,,0.15488976347420685,,1.0156003020873934,0.9413383215488685,0.37380223411238744,,2.0728498827698347,,,,,,0,1
438,,,,0.3200973568992914,,2.2401026296950555,0.8213246435918509,0.10892432910935623,,1.4928981598714235,,,,,,0,1
439,,,,0.11283474241225817,,1.6686819997207727,0.914376754005931,0.8371762758996654,,0.23473262260507957,,,,,,1,0
440,,,,0.7844790595332259,,0.13671813868365618,0.6074670587927522,1.5629424955060907,,1.4610513081409269,,,,,,0,1
441,,,,0.3200973568992914,,0.018083579508648088,0.7336274259372871,0.4200817419564996,,0.5250874368893844,,,,,,1,0
442,,,,0.15488976347420685,,0.8556611555060131,2.6720427681258676,2.2200743293663083,,1.2081754735108567,,,,,,0,1
443,,,,0.22772638067242382,,1.3809672815432223,0.05919074709581211,0.6702182460740743,,0.91356157095423,,,,,,1,0
444,,,,1.6721885694692546,,0.6019692922418707,0.4860005793637448,0.1388722211740458,,0.5732434309619572,,,,,,1,0
445,,,,0.0691290229630652,,1.764115444190606,0.05425070782282055,0.6105735017426321,,0.9387029185318488,,,,,,1,0
446,,,,0.12672186136147026,,0.9014607462108355,0.26824720595683127,0.11223154579152203,,0.5858107756933062,,,,,,1,0
447,,,,0.6179059506417213,,0.010431219183966904,0.3023941500726733,0.4200817419564996,,0.12144686521459802,,,,,,1,0
448,,,,0.3269639546726043,,0.018910933352304718,0.06069056106040024,1.105478159121258,,1.4207401814857483,,,,,,1,0
449,,,,0.2886676797796417,,1.1333849670603309,0.45605507828476644,0.279513774868187,,1.1178793402417186,,,,,,1,0
450,,,,0.20918677591653648,,0.04903066782991503,0.7079532924011043,0.0932239851995659,,1.2190715183034506,,,,,,0,1
451,,,,0.5198582722782117,,0.595641947738619,0.7895955093138634,1.0659772420824314,,0.2666470083766027,,,,,,1,0
452,,,,0.38501430288818805,,0.018910933352304718,0.2141350789657439,0.07280409400660019,,0.23437673604983944,,,,,,0,0
453,,,,0.14073937770096973,,0.43825933917550375,0.34931698928248345,0.8040205878333807,,0.6562259388279629,,,,,,1,0
454,,,,0.44566389734950085,,1.2060516706912185,0.42017856369304696,0.4200817419564996,,0.05765891835124524,,,,,,0,1
455,,,,0.8255811268342327,,1.5750459437366373,0.30464551618201,0.31864096608304177,,0.946255364082901,,,,,,0,1
456,,,,0.9080460413892989,,0.7972092643549541,0.34302040259050975,0.9015462673531927,,0.7155639292353094,,,,,,0,1
457,,,,1.0667285031943468,,1.14538761657758,0.6019648142606643,0.03496457825943467,,0.9773277206340661,,,,,,0,0
458,,,,0.624663017286054,,0.6650966640985166,0.4284115598863508,0.1388722211740458,,0.47875636903684565,,,,,,0,0
459,,,,0.9656388797877039,,0.013241020335485227,1.6181352923232024,1.6449981311060913,,0.16002457834517292,,,,,,0,1
460,,,,1.3770958474596673,,1.2086658503731715,0.7535491116564949,0.8346096615412065,,0.012223587202232645,,,,,,0,1
461,,,,0.2427300699966275,,0.17012344898143228,0.021963693238030532,0.279513774868187,,0.4503110475908172,,,,,,1,0
462,,,,0.45288301359905714,,0.48910340900685,1.3060349299881178,0.8899216802429238,,0.7050530436452573,,,,,,0,0
463,,,,2.515199702851039,,0.4364097270271289,0.3887220822265166,0.5438374272572598,,0.1613512851549814,,,,,,1,0
464,,,,0.3166327402794346,,0.036342184860878896,0.7252576591261918,0.24074767213769263,,0.764538371469446,,,,,,1,0
465,,,,0.7390145870458887,,1.2009080913934336,1.6018401429766351,2.091577540513556,,0.40984031998484965,,,,,,0,0
466,,,,0.43562438760223493,,1.1268915800733514,0.6367138518371376,0.9188314440680416,,0.297172502232123,,,,,,0,1
467,,,,0.14073937770096973,,0.14345965840712105,1.0759065279029947,0.42875352290943075,,1.1409682608176381,,,,,,0,1
468,,,,0.7601901835332818,,0.8439575571607656,0.6745299972080634,0.2041889437084,,0.7415580075242635,,,,,,0,1
469,,,,0.05854314036566046,,0.10840913688519581,0.012825077857982063,0.09525349156543912,,0.11101026990051698,,,,,,0,0
470,,,,0.48801062305735327,,1.8443287928194494,0.4797145439386437,0.279513774868187,,0.3554024009538834,,,,,,1,0
471,,,,2.9635039053402554,,0.6967375911825806,0.665044533703156,0.654329098425709,,0.09624772255837373,,,,,,0,0
472,,,,0.6179059506417213,,0.06061778938119584,0.7056556065324923,1.2763514169440826,,0.8219109147529993,,,,,,1,0
473,,,,0.11728979700172304,,0.27423880031690034,0.5341047616316005,0.3624952131266279,,0.30947997971318686,,,,,,0,0
474,,,,2.630383045757109,,0.6188429744766143,1.1685375647075513,0.06179657779395633,,1.8382867194710981,,,,,,0,1
475,,,,0.7181351624713345,,2.2401026296950555,0.5870468894754663,0.2651051765387423,,0.5254703648010339,,,,,,0,1
476,,,,0.48801062305735327,,0.9014607462108355,0.17525876276520164,0.8346096615412065,,0.8835236318136899,,,,,,1,0
477,,,,0.16917556169452003,,0.6066746276908919,1.7214637988731178,1.9366044836357104,,0.06001005231326713,,,,,,0,0
478,,,,0.6906562823711557,,1.5845570700059108,0.07283560940006109,0.16519033392734855,,0.11704389862835525,,,,,,1,0
479,,,,0.8708226048621427,,1.3916156345749262,0.8984667500596331,1.0088527340904578,,0.03286982724850534,,,,,,1,0
480,,,,0.4016944152091906,,0.2823451999499717,0.01779769928657708,0.22524086537912655,,0.3074235519733965,,,,,,1,0
481,,,,0.0691290229630652,,0.8499734899960758,0.39216473988866407,0.045769268988968805,,0.5554271326547099,,,,,,0,1
482,,,,1.5227785258081217,,1.6806144687288496,1.0565323778986073,0.045769268988968805,,1.6738417371290795,,,,,,0,1
483,,,,0.25788608364337073,,0.14345965840712105,0.5500545905320934,0.5713912907800393,,0.03197274630468969,,,,,,0,1
484,,,,0.36758835317967153,,2.785524832276826,0.14146903611325373,0.9481574273041729,,1.0874391008171775,,,,,,1,0
485,,,,0.8708226048621427,,1.2669996799085854,0.47734141211804654,1.109775061313764,,0.931355706190271,,,,,,1,0
486,,,,0.6571938633641179,,1.440466742228587,0.9631389154790692,0.6809987387796096,,0.5000300884008799,,,,,,1,0
487,,,,0.43562438760223493,,1.0539280196101088,0.08012547249348213,0.35128975247038935,,0.36864897675344904,,,,,,1,0
488,,,,0.7067086361959962,,1.255365546977281,1.0098346217835061,1.18541836802703,,0.15541857809272275,,,,,,1,0
489,,,,0.3685185049722316,,0.41263137332349753,0.8792954299359135,0.18111210262389082,,1.5984531251254994,,,,,,1,0
490,,,,0.6414368400695193,,0.22035930804852524,1.3185667023125833,1.105478159121258,,0.43751035557802126,,,,,,1,0
491,,,,0.7225902170607993,,0.6087411054977534,1.228755628454195,1.209687893352198,,0.17574804187461243,,,,,,0,0
492,,,,0.15488976347420685,,0.7637451475251019,0.8646423527574235,0.5505611769206881,,0.5923582482453189,,,,,,1,0
493,,,,0.2427300699966275,,0.12499459618500838,1.4307475780558885,1.2104629660222113,,0.5473715185838427,,,,,,1,0
494,,,,2.4880988128655477,,0.49508205540415096,0.7780128170368762,1.0855806065275486,,0.3093455545298258,,,,,,0,1
495,,,,2.584863408075304,,1.3357981017935414,0.03424962398506904,0.35658782542930206,,0.5844510294773141,,,,,,1,0
496,,,,0.8439040004381861,,1.7109409200320753,0.5154126234854557,0.3624952131266279,,0.2814752163431424,,,,,,0,1
497,,,,0.8939680998387179,,0.3383134718166302,0.2900015395396977,0.2515592279348527,,0.0960633388304619,,,,,,0,1
498,,,,0.41686195210904786,,0.6721249474503387,0.9092226560777099,0.1086342829448629,,1.3280361622454568,,,,,,0,1
499,,,,1.8677084180134855,,1.47759111322895,2.6141179354515023,2.6546351397599803,,0.29139403163641725,,,,,,0,1
500,,,,1.1461218886647198,,0.7925126966214587,1.0275010236803215,0.8533940508568746,,0.4042917567443055,,,,,,1,0
501,,,,3.2734792699468267,,0.25529522046950676,0.7089522694293465,0.279513774868187,,0.7364564976577472,,,,,,1,0
502,,,,1.875026346989587,,1.8191654501807466,0.39129670601821254,1.105478159121258,,2.1423264743379837,,,,,,1,0
503,,,,2.297262186173963,,0.03033234329182825,1.1067509891281913,0.8346096615412065,,0.49809472555720763,,,,,,1,0
504,,,,0.45288301359905714,,0.4758992259936713,0.12997481704657013,0.596943078524094,,0.6314512646159978,,,,,,0,1
505,,,,0.7816704753012045,,0.4732504620181327,1.047165193945415,0.46326358571181386,,1.0389350952326097,,,,,,1,0
506,,,,0.20918677591653648,,0.26890895956602406,0.13388986095852767,0.48200178016403733,,0.5076321125607342,,,,,,0,1
507,,,,1.9393218851868919,,1.7459271195535577,1.8733366532684974,1.6434549129249365,,0.6451491612350668,,,,,,1,0
508,,,,1.4516298548598157,,0.15022754703442354,0.9228331589896253,0.5438374272572598,,0.6295735435300868,,,,,,1,0
509,,,,0.3522029926095117,,1.309857662212618,0.3196471945848352,0.46813524906154497,,0.16185851656989292,,,,,,0,1
510,,,,0.08131565816334561,,2.6601348043459185,0.6013863793909154,0.379872564778377,,0.4068700161742241,,,,,,0,1
511,,,,1.9287360025894864,,1.293895862144284,0.7185492661711905,2.774268428211727,,2.45930428536559,,,,,,1,0
512,,,,0.5986430443862129,,1.6305186992310314,0.125185884556494,0.279513774868187,,0.21788768751801815,,,,,,0,1
513,,,,0.39734723603228367,,0.34661194128642847,0.9959235169678207,1.0088527340904578,,0.1077181416764102,,,,,,1,0
514,,,,2.128078945867198,,0.2779755239039775,0.8241353315944835,1.0088527340904578,,0.14091991447889074,,,,,,0,0
515,,,,0.07193205990368344,,0.355113851929108,0.5958110336171828,1.237003017690299,,2.815901578530767,,,,,,1,0
516,,,,0.2852030631597849,,0.515357924768764,0.3774994325022228,0.037725259924038156,,0.6523927490905749,,,,,,0,0
517,,,,0.7181351624713345,,0.18953205062062664,0.45085484761446354,0.40516488312469756,,0.12030701802332973,,,,,,0,1
518,,,,0.5058893340150186,,0.12499459618500838,0.11142832601447748,0.4200817419564996,,0.4159663155863975,,,,,,0,0
519,,,,0.7920378327541416,,0.972695129914674,1.6678074477531648,0.49288421228182616,,3.1695511634204756,,,,,,0,0
520,,,,0.3200973568992914,,0.3391521273831946,0.9197447572195717,0.4928683331759595,,0.6954530895804929,,,,,,0,1
521,,,,0.7692457179477027,,0.3998975466326893,0.05999553893976147,0.02055886928828771,,0.11822213956861304,,,,,,0,1
522,,,,0.542302225103951,,1.473452651054477,0.5621820175685392,0.16519033392734855,,0.6301332598742829,,,,,,0,1
523,,,,0.34741433641570424,,0.15022754703442354,0.07405636762312912,0.02055886928828771,,0.09236444847698276,,,,,,1,0
524,,,,0.16917556169452003,,0.5902997504629649,0.10396441140869186,0.279513774868187,,0.25160358822092316,,,,,,1,0
525,,,,0.12672186136147026,,1.336776343358559,0.2778518809075166,0.19117150294983226,,0.1630800174445593,,,,,,1,0
526,,,,0.47034349944633347,,0.3750686127077514,0.26278383325029486,0.4200817419564996,,0.1821131716935072,,,,,,1,0
527,,,,0.6374206667184854,,0.6356910433001942,0.13428351614103945,0.6809987387796096,,1.161706174551859,,,,,,1,0
528,,,,2.034138160112453,,1.0827754580563367,1.7768647656291547,1.6550134105323382,,0.4445964719856093,,,,,,0,0
529,,,,0.7816704753012045,,0.25691384711623405,0.6734956539634863,0.6809987387796096,,0.07736345309827954,,,,,,0,0
530,,,,0.25788608364337073,,0.7408353909507882,1.31138988630192,0.6702182460740743,,1.187906505238229,,,,,,0,1
531,,,,0.48801062305735327,,1.7517139901790542,0.817342281134696,0.07280409400660019,,1.4343037377148202,,,,,,0,1
532,,,,0.6662493977785375,,1.521715871491506,0.5142521329963915,0.4200817419564996,,0.19933807476512092,,,,,,1,0
533,,,,0.304299807135339,,0.7907610712424374,0.9223212144486347,0.5121053292565481,,0.7495063207236596,,,,,,0,1
534,,,,0.304299807135339,,1.7353572914506077,0.794969107687338,0.6809987387796096,,0.25595754215701133,,,,,,1,0
535,,,,0.3360638676188613,,0.42557143038173545,0.9849627775182886,0.3719317484207851,,1.0686655072452045,,,,,,0,1
536,,,,2.48397232324803,,0.5373701509353387,0.49259760925705315,0.7555190658379736,,1.8427369041089843,,,,,,0,0
537,,,,0.3775740393866512,,1.4173024190842365,0.09786691018040866,0.8346096615412065,,1.3113430686243042,,,,,,0,1
538,,,,0.14073937770096973,,1.205341789697795,1.9691450754785829,1.7036655237309284,,0.7242900609256735,,,,,,1,0
539,,,,0.7181351624713345,,1.473452651054477,0.616361569367461,0.279513774868187,,0.5815431423527743,,,,,,0,1
540,,,,0.3522029926095117,,0.4758992259936713,0.8667167085789141,0.3483865389411295,,0.9009874182555135,,,,,,0,1
541,,,,1.5227785258081217,,0.42557143038173545,2.3511921011449237,0.5713912907800393,,4.188190479413347,,,,,,1,0
542,,,,2.0250826256980328,,1.0189842460814778,0.3802455766116809,0.5505611769206881,,0.21508272335234171,,,,,,1,0
543,,,,0.2731975462954903,,1.873799157116445,0.16530283442407484,0.5438374272572598,,0.5037186287660143,,,,,,1,0
544,,,,0.47392066249519754,,0.6453374877592122,0.8463118391491854,0.3074498733162005,,0.8475752677486826,,,,,,1,0
545,,,,0.38501430288818805,,0.13671813868365618,0.9595156104149356,1.005198755581115,,0.047053556293810014,,,,,,1,0
546,,,,0.34741433641570424,,0.7369225688792188,1.707946969500136,2.630581432554836,,1.4234381284973012,,,,,,1,0
547,,,,1.9323131656383512,,0.18445086549521286,0.8989235826032675,0.5310887156889138,,0.6805733458029432,,,,,,0,1
548,,,,0.48801062305735327,,1.0203934003040964,0.6363617943692299,0.5130100285015954,,0.2525949347772298,,,,,,0,1
549,,,,0.044453179803504744,,0.47507765959738446,0.9982156824906708,0.4745427752544437,,0.9370934089358987,,,,,,0,0
550,,,,0.7768818191073971,,0.524375182504783,1.204487836386598,0.1388722211740458,,2.0016335918622903,,,,,,0,0
551,,,,0.6179059506417213,,0.6971139242409153,0.7763935608730923,0.4021824633588302,,0.6669325687798441,,,,,,0,1
552,,,,0.39734723603228367,,1.1140266671932995,0.47383309690696096,0.48044111391568434,,0.05479411602632081,,,,,,1,0
553,,,,0.48801062305735327,,0.4084358177303417,0.4335770693788239,0.279513774868187,,1.0839576871554992,,,,,,1,0
554,,,,0.09907561716328214,,0.19117188708138896,0.1157254890240115,0.006410988550758123,,0.19629411276278966,,,,,,1,0
555,,,,0.47034349944633347,,0.08854726002120566,0.4605841539637398,0.39973955765860975,,0.14441841971816263,,,,,,0,0
556,,,,0.3685185049722316,,1.3993361811283125,0.27890610249934666,0.17620685507562076,,0.6910080069084534,,,,,,0,1
557,,,,3.6651509485078777,,0.0784738789071055,0.8239955359152137,0.5185922031266732,,2.022539169945409,,,,,,1,0
558,,,,0.6987040351319078,,1.14538761657758,0.5588269602411561,0.6390265193877027,,0.057079197513071944,,,,,,0,1
559,,,,3.162846848617967,,1.1140266671932995,0.5492117022666294,0.1388722211740458,,0.6775503139286079,,,,,,1,0
560,,,,1.4173098486247695,,0.4115019165269743,0.04655461444701269,0.5879366381336035,,0.7491699749244501,,,,,,1,0
561,,,,0.3522029926095117,,0.600154660494277,0.06046819799727385,0.279513774868187,,0.5106074408195765,,,,,,1,0
562,,,,0.3522029926095117,,0.16721224579613644,0.38951395857607585,0.4200817419564996,,0.011214452441324536,,,,,,1,0
563,,,,0.0066573756728634794,,0.4593560917685777,0.4164571178704907,0.38521257220737826,,1.2091197876400468,,,,,,0,1
564,,,,0.43562438760223493,,1.0039218031447656,2.9291406608929096,2.1976776241702223,,1.1732780576774098,,,,,,0,0
565,,,,0.07193205990368344,,0.19752904592792925,1.2027577099220412,0.4200817419564996,,1.2006499440363307,,,,,,0,0
566,,,,2.3090493856173104,,0.9604637747951625,0.421415372228449,0.2651051765387423,,0.2768545651605127,,,,,,1,0
567,,,,2.873000164531018,,0.355113851929108,0.0706779543502623,0.0932239851995659,,0.2522896885791006,,,,,,1,0
568,,,,0.7390145870458887,,0.3016190846865594,0.866412232605005,0.6511244546913453,,0.44143599248611654,,,,,,1,0
569,,,,0.7692457179477027,,1.3357981017935414,0.37242285675626147,0.2041889437084,,0.8823382752340693,,,,,,1,0
570,,,,1.6721885694692546,,0.03872204497499184,0.44859075193978976,0.02055886928828771,,0.6671522677031946,,,,,,0,1
571,,,,3.6651509485078777,,1.2297138314110279,1.172175387171911,0.279513774868187,,2.1635051539249726,,,,,,0,1
572,,,,0.9828744594457275,,0.413611823592726,0.6234524754567795,0.3624952131266279,,0.442690489780981,,,,,,1,0
573,,,,0.2530974274495646,,0.03033234329182825,0.135434294306045,0.279513774868187,,0.20158150051198717,,,,,,0,1
574,,,,0.2530974274495646,,0.8273620074657528,0.7593719422940806,1.0088527340904578,,0.2356476921624723,,,,,,1,0
575,,,,0.7067086361959962,,1.298932381270439,0.32267720310902565,0.5438374272572598,,0.26183135469429714,,,,,,1,0
576,,,,0.34741433641570424,,0.023836168132107375,0.5823426383232483,0.29672733934969775,,0.4738672126109581,,,,,,0,1
577,,,,0.47034349944633347,,0.08594542107288178,0.5963454051379254,0.6809987387796096,,0.03708095161081067,,,,,,1,0
578,,,,1.838232261780249,,0.9006227452869217,0.17766287715618628,0.4200817419564996,,0.31322978189584794,,,,,,0,1
579,,,,1.3514006430302037,,0.4624128530102944,0.056315402186573646,0.40516488312469756,,0.514773156146292,,,,,,1,0
580,,,,0.542302225103951,,0.9227395615102291,1.3848682035677473,1.3875260556605813,,0.17487415095155034,,,,,,1,0
581,,,,0.5556169764496779,,1.6480358493578584,0.3511958027013737,0.9953212522301126,,0.9545144542224733,,,,,,1,0
582,,,,0.2852030631597849,,0.8971413411794916,0.7011122529342472,0.2444638996356237,,0.7237133058073226,,,,,,1,0
583,,,,0.38749337502930714,,0.43824981246654077,1.3182882415999078,0.6511244546913453,,1.2295980359555498,,,,,,0,1
584,,,,0.47034349944633347,,0.33192728477137334,0.6193064390752113,0.5438374272572598,,0.18477122111403424,,,,,,0,1
585,,,,0.7601901835332818,,1.221500525836565,0.2722402381353215,0.10892432910935623,,0.5841672944524483,,,,,,0,1
586,,,,0.2731975462954903,,0.7298669031106476,0.16356288936638136,0.4200817419564996,,0.3350478728147751,,,,,,0,0
587,,,,1.2550540199216573,,0.4408510871429297,0.32274081588322157,0.279513774868187,,0.9156764304546455,,,,,,1,0
588,,,,0.2427300699966275,,0.3382561714517983,0.3110957894854553,0.07280409400660019,,0.5951000444619309,,,,,,0,0
589,,,,1.7120003827135282,,0.4376772707796683,0.544645653469076,0.37061766761076576,,1.3867788777050378,,,,,,1,0
590,,,,0.45288301359905714,,0.48803138986867023,0.5774228723037257,0.4905302065469381,,0.20029623575729527,,,,,,0,1
591,,,,0.14079980291205113,,0.7408353909507882,0.9628818086188893,1.08379734256001,,0.07270407561290428,,,,,,0,1
592,,,,0.4832219668635458,,1.1453058834070742,0.5395313461614749,0.5438374272572598,,0.06583971567523841,,,,,,1,0
593,,,,0.38749337502930714,,0.4593560917685777,0.10979820785866194,0.15494813256878578,,0.05842028536109392,,,,,,0,1
594,,,,0.6497535998625811,,0.2823451999499717,0.14307666673769073,0.40516488312469756,,0.3771203535738432,,,,,,1,0
595,,,,0.4185630073640097,,0.05533966167797454,0.8921305644378031,0.596943078524094,,0.5121756561340093,,,,,,0,1
596,,,,1.0156857697244037,,0.9915923768502347,0.6162641416444178,1.5391368167458217,,1.40643651006146,,,,,,0,0
597,,,,0.03196060044357762,,1.228174333689637,1.277497766859832,0.19663806911781992,,2.4103841632161345,,,,,,1,0
598,,,,1.1813878086360887,,0.7902979340687742,0.6441364868080818,0.7402657017745583,,0.04649112074683488,,,,,,0,0
599,,,,0.2128719842651685,,0.22385878229127104,2.524046185465846,1.4460072251748741,,1.596929391901188,,,,,,1,0
600,,,,0.20918677591653648,,0.4084358177303417,0.9350039009045539,0.279513774868187,,1.1204989852862963,,,,,,1,0
601,,,,0.17538485211659416,,1.370395527272895,3.600703669852524,4.2734450279073135,,0.9169097796479736,,,,,,0,1
602,,,,0.5198582722782117,,0.7209252164630096,2.6898588443652494,1.7318975572150985,,1.4453583879932042,,,,,,0,0
603,,,,1.4467750391283076,,0.026930921804089694,1.0116943273582075,1.6189547696106634,,0.8694927545302666,,,,,,1,0
604,,,,1.0792210825542738,,1.7216287902408662,0.4266747953565591,0.4559485151047538,,0.017619285873090945,,,,,,0,1
605,,,,0.15488976347420685,,1.9335412985442428,1.8709206498251252,1.6907897066897555,,0.5601988303547827,,,,,,0,0
606,,,,1.366870776514355,,1.97849621884014,0.21386334716142452,0.10892432910935623,,0.4903000721975189,,,,,,1,0
607,,,,2.9261295989878855,,2.337305736936596,0.12521203356043453,0.40516488312469756,,0.7992200702300546,,,,,,0,0
608,,,,0.9413642876779376,,0.26578495361953736,0.33355186566423933,0.7748429520695719,,0.5600592936893521,,,,,,0,1
609,,,,1.531834060222542,,0.4854385975346732,0.9489459579103764,1.105478159121258,,0.08700381112215928,,,,,,1,0
610,,,,0.5016525036958903,,1.324215517373713,0.6792304199619635,1.541808682758265,,1.3057191086461566,,,,,,1,0
611,,,,0.16917556169452003,,0.08594542107288178,0.43249019898980556,0.48044111391568434,,0.007549411687821343,,,,,,1,0
612,,,,0.1980042927545721,,0.7164570460054727,2.1947421280369954,1.620421317612577,,1.29999840596646,,,,,,0,0
613,,,,0.4016944152091906,,0.32390907511399275,0.9831182164668644,0.5765018293623846,,0.6715817691972557,,,,,,0,1
614,,,,0.6076985788006337,,0.7550624052094845,0.9413227732435516,0.6809987387796096,,0.4685730314609118,,,,,,1,0
615,,,,0.5058893340150186,,1.336776343358559,0.06210747008376647,0.2444638996356237,,0.4416339089221253,,,,,,1,0
616,,,,0.03196060044357762,,0.7002588651154414,0.33087900376931734,0.28162441777534236,,0.10926409701450084,,,,,,0,1
617,,,,1.5636464714865184,,1.0609342342122536,0.41881635368510095,0.5713912907800393,,0.18390932497152807,,,,,,1,0
618,,,,0.05854314036566046,,0.8661141835606158,0.3553098016277685,0.40516488312469756,,0.035655425128101964,,,,,,0,1
619,,,,2.0536954859570775,,1.4254021356938555,0.8002262373537993,1.0088527340904578,,0.17582732081238214,,,,,,0,0
620,,,,0.5378446889118947,,0.7030085977402427,0.34323082205964245,0.1388722211740458,,0.33993852801773355,,,,,,1,0
621,,,,0.2886676797796417,,1.336801114813374,0.7916267589555099,0.06179657779395633,,1.1960180195209122,,,,,,1,0
622,,,,1.9181962328129083,,0.383461294348031,2.0214588895987853,2.7879159494781844,,1.130415124957523,,,,,,0,1
623,,,,0.03196060044357762,,1.6143133940529688,0.3633189287785437,0.8676478833125787,,0.6393981480984753,,,,,,1,0
624,,,,0.6374206667184854,,1.393361196675463,1.0725788437665706,1.0485854564187118,,0.17358801963723092,,,,,,0,1
625,,,,0.2731975462954903,,0.08344769680249411,0.16825626213999556,0.15313043586566777,,0.4916743025537926,,,,,,0,1
626,,,,0.47034349944633347,,1.256498496599541,0.5206233557180768,0.5438374272572598,,0.037525183870439426,,,,,,0,0
627,,,,0.3775740393866512,,1.0952756754096986,2.064740252607353,1.4986365122633576,,0.9401815094383826,,,,,,1,0
628,,,,1.7691594027841628,,0.9797062856834817,0.20914436757806085,0.3074498733162005,,0.10697752348955916,,,,,,1,0
629,,,,0.07193205990368344,,1.3993361811283125,1.2245886424647452,1.2201248745146878,,0.16372890531942091,,,,,,1,0
630,,,,0.27457771921748597,,0.9604637747951625,0.7196494196179004,0.2241619589924281,,1.4852342370613651,,,,,,0,1
631,,,,0.14073937770096973,,0.11807823828342867,0.9590423716240122,0.1388722211740458,,1.651744925869237,,,,,,1,0
632,,,,0.2638762072850816,,0.6664146207628884,0.24728142931792105,0.13986335263259816,,0.5882311616283681,,,,,,0,1
633,,,,0.16917556169452003,,0.6721249474503387,2.3557006442020287,2.591075748457065,,0.10834784678931741,,,,,,1,0
634,,,,1.4876509163498257,,1.4631718842567087,1.9010213717951399,1.3166772628975678,,1.2422196316640188,,,,,,0,1
635,,,,0.08544214778086325,,0.9240671096750105,0.08607733472278746,0.4755043313168453,,0.8030565373143238,,,,,,0,1
636,,,,0.16917556169452003,,0.8815738729734979,2.072280133073056,1.4986365122633576,,0.950051462819309,,,,,,0,0
637,,,,0.5796255321514372,,1.2327674708159424,0.8823638356672302,0.49288432276404176,,0.710245808723872,,,,,,1,0
638,,,,0.01936259722697901,,0.634926816636421,0.622026693072188,0.8040205878333807,,2.164766006117992,,,,,,0,1
639,,,,0.3166327402794346,,0.17734479218699267,0.30046632689138886,0.8311023914816827,,0.7777045989800283,,,,,,1,0
640,,,,0.9656388797877039,,0.6741413196465079,1.8207444909532033,1.7395944818351574,,0.3825902830398054,,,,,,1,0
641,,,,0.03212024665940912,,0.39665659769894146,0.9386084290293089,1.3034025987820828,,0.4703964851031276,,,,,,0,1
642,,,,0.10539447891072261,,1.089783730999675,0.09455490284630666,0.7165969017368182,,1.2264726251794438,,,,,,0,1
643,,,,0.09340361507283151,,0.16903332249477096,0.871647186261981,0.6809987387796096,,0.36769734011096666,,,,,,0,0
644,,,,3.5629850481623326,,0.29188224218311676,1.1962168184760884,1.2358809617415327,,0.08805070606614591,,,,,,1,0
645,,,,1.2550540199216573,,0.927477480307771,0.9304022096370341,0.5873057436502258,,0.6488150304259773,,,,,,0,1
646,,,,0.45514237059933194,,1.116278616909826,0.9419306452936175,0.9363481691599548,,0.1260698946020482,,,,,,1,0
647,,,,0.15488976347420685,,1.7353572914506077,0.9507315209149002,0.9363481691599548,,0.13876666698537393,,,,,,1,0
648,,,,0.542302225103951,,1.5160616041004205,0.5000037093682063,0.10892432910935623,,0.6174271519074894,,,,,,0,1
649,,,,1.8001808727092938,,0.3120959859874783,0.4499336866456156,0.6606380894480305,,0.26978038022877665,,,,,,1,0
650,,,,0.6330734875415786,,0.19338934320950563,0.3650544303313448,0.7709549684236526,,0.5068588300245285,,,,,,1,0
651,,,,0.6571938633641179,,2.313011938258245,1.2606636813056307,1.8608338460763343,,0.6011650836292027,,,,,,0,1
652,,,,0.3360638676188613,,0.7422133946125975,1.5566105602431903,1.226264157552799,,0.6090614036466345,,,,,,0,1
653,,,,1.0414252784236326,,0.6298286589553226,1.7063908912754537,1.2839606768261285,,0.7379910201947704,,,,,,0,0
654,,,,0.03196060044357762,,1.5750459437366373,0.14253051085416946,0.7201053445121618,,1.2279345888908135,,,,,,1,0
655,,,,1.4946270372163806,,0.0784738789071055,0.2899547235882896,0.2368615114698697,,0.10939435930552219,,,,,,0,1
656,,,,0.25788608364337073,,1.5440968836275066,0.09483062549890785,0.2041889437084,,0.43635932972291014,,,,,,1,0
657,,,,0.05854314036566046,,0.6951469891457399,1.2913625936519737,1.382951183389946,,0.04041052353449779,,,,,,0,0
658,,,,0.5986430443862129,,0.7509852822730875,1.098615286334837,1.382951183389946,,0.2316279739603927,,,,,,0,1
659,,,,1.314667747112331,,0.5227966301501568,1.289706487332211,1.5629424955060907,,0.28743307345634644,,,,,,0,1
