,C2,C2,C3_norm,C3_norm,C5_norm,C7_norm,T1prime,Y2
0,1,1,0.8525441776600592,0.8525441776600592,-0.36885030055774476,-0.4081439402405038,0.17152273416470565,1
1,0,0,-1.422466121937991,-1.422466121937991,0.06326774011447059,-0.7870366729558007,0.23374730110685843,0
2,1,1,-0.9594494599616635,-0.9594494599616635,0.7641094548586755,-1.4530457078664234,0.11962592651286581,0
3,1,1,-0.4823189008875209,-0.4823189008875209,0.9348906000402774,-1.3798122648433808,-1.2775947472042237,0
4,1,1,0.5441108116662811,0.5441108116662811,-0.01564345603123966,1.0136230424008121,-0.5906652661298752,1
5,1,1,0.5385402729057712,0.5385402729057712,-0.4106136227628345,0.3522679875399579,0.21051024448448633,0
6,1,1,-1.6428695896338774,-1.6428695896338774,0.6003561148828546,-1.6297242013277697,1.972018671119046,0
7,0,0,-0.24095030882337132,-0.24095030882337132,0.5780041387498898,0.00733293912605188,2.8445933599522513,0
8,1,1,0.052323586028409266,0.052323586028409266,-0.6758055694587984,0.5494054154270235,-1.267696855845882,0
9,1,1,0.8329304813432228,0.8329304813432228,-0.12713509658104366,0.8731237241101353,-1.6420391469740585,0
11,1,1,-2.0809387044625165,-2.0809387044625165,0.6883322309896522,-2.506918210644263,-1.193912574810964,0
12,1,1,0.638489118521472,0.638489118521472,0.8428440430920748,-0.7752397960783143,0.8047101833193422,1
13,1,1,-1.8324064345496844,-1.8324064345496844,0.9853689778846201,-2.6245346323298584,-1.052526486838833,1
14,1,1,0.5998408011507358,0.5998408011507358,-0.6080708702180476,0.2565157216570493,-0.28066317694653864,0
15,1,1,0.5951767217696758,0.5951767217696758,-1.2808967783319816,0.891470527427204,1.0967457921404629,0
16,1,1,0.6538594644581582,0.6538594644581582,0.2808576733572386,0.9557583008493956,-1.5534689012987002,0
17,1,1,0.5807154197632419,0.5807154197632419,0.34861673375279945,0.6985349573406524,0.046267207699219555,0
18,1,1,0.8159431214642252,0.8159431214642252,-0.8841760795196648,0.2678623933344117,-0.24086561144327226,0
19,1,1,0.7444966629535748,0.7444966629535748,0.6004317897715287,0.12578189379533922,-1.5385411642430307,1
20,1,1,-1.208575004933034,-1.208575004933034,-0.028162108807508027,0.00733293912605188,-0.03885765043709667,0
21,1,1,0.7525503679472166,0.7525503679472166,-0.4873819899064093,1.5796116208975095,-0.448614644937345,1
22,1,1,-0.40994743395398336,-0.40994743395398336,1.2414808071302583,-0.2793676296057141,-1.3578776437774476,0
23,1,1,-2.0809387044625165,-2.0809387044625165,0.5840484221992334,-2.572793393854709,-0.3401230371211969,0
24,1,1,-1.1587558092380956,-1.1587558092380956,0.4717900799824086,-1.7612638303717503,1.0225816556915401,0
25,1,1,-2.0809387044625165,-2.0809387044625165,0.373606913569218,-1.99659909771553,-0.37638436883775067,0
26,1,1,0.6783221044493287,0.6783221044493287,0.20044707015752034,-0.06382379226991769,0.6736556630531012,0
27,1,1,0.16334112526437228,0.16334112526437228,-1.0281367126724734,0.6694153601066476,0.07592110215972768,1
28,1,1,0.7138178640621382,0.7138178640621382,-0.3522118167045516,0.7921918705880742,0.7431920175477059,0
29,1,1,-0.5114699695159399,-0.5114699695159399,0.16624909272686006,-0.9670997364675804,0.9888048377824378,0
30,1,1,0.6177413491173277,0.6177413491173277,-0.1999153078277158,0.5016420816348339,0.3663897201340668,0
31,1,1,0.07539689421324626,0.07539689421324626,-0.7322377900356039,-0.32993633551064405,0.7551310780901653,1
32,0,0,0.5757353726307153,0.5757353726307153,1.3324606909705305,-0.5696644342497448,-1.388577486477556,0
33,1,1,-2.0809383996801127,-2.0809383996801127,-1.376694997414322,-0.24628016650748247,-0.881784614100351,1
34,1,1,0.4907207153844391,0.4907207153844391,0.40605599920075536,0.31514690602833356,1.1169806806950282,0
35,1,1,0.5856150084313262,0.5856150084313262,0.7480238593017449,-0.5468298883041921,-0.6612954718546189,1
36,1,1,0.5032312303512517,0.5032312303512517,-0.7553809777653696,-0.6041509389724248,0.03188154511413744,1
37,1,1,-0.10757744463449104,-0.10757744463449104,-0.6585788250734632,-0.39148114844786813,0.3656503541430461,1
38,1,1,0.8290124385785772,0.8290124385785772,0.2889115805221032,0.9022714418821253,-0.7311731796425512,1
39,1,1,0.527133576874178,0.527133576874178,0.24068849986631213,-0.6700700189058331,0.28902341048575597,1
40,1,1,0.7164448735766153,0.7164448735766153,-2.1762263959624506,1.904281008483732,1.772053359537722,1
41,1,1,0.8078732997353522,0.8078732997353522,0.5605555084766053,-0.46147247656806734,-0.4361525352253633,0
42,1,1,0.5549910646496456,0.5549910646496456,0.5403579618471308,0.991461723306719,0.5488018724899583,1
43,1,1,0.5032312303512517,0.5032312303512517,-0.42489882240141574,0.00733293912605188,-0.8407293214378473,0
44,1,1,0.4970233462522051,0.4970233462522051,-0.023724907696083045,-0.23565086960183526,0.42614281175671287,0
45,1,1,-1.1962660112972356,-1.1962660112972356,0.864791647277724,0.00733293912605188,0.10378729041132988,0
46,1,1,0.39205831344903286,0.39205831344903286,-1.0786699995054991,-0.21454965112935792,0.8549544105293104,1
47,1,1,-0.6139890520258523,-0.6139890520258523,-0.10202166876248354,0.00733293912605188,-2.3309751402023724,0
48,1,1,-2.0809384447440804,-2.0809384447440804,-0.16825303078941647,-0.20301362356159078,-0.2706888497527365,0
49,1,1,0.28184311562594044,0.28184311562594044,-0.05005423414328845,-0.18942995470744373,-0.1176998449380437,1
50,1,1,-0.3103796171816989,-0.3103796171816989,1.2407066770552684,-0.9523689617941995,-0.16620294611031872,0
51,1,1,-2.0809387044625165,-2.0809387044625165,0.4979191436709273,-1.3623616428476961,-1.6012422358667449,0
52,1,1,0.742388124645471,0.742388124645471,0.6639128407201378,0.1543461209804657,0.1250778567209085,1
53,1,1,-1.2803016900801139,-1.2803016900801139,0.029907125833331345,-0.9098053210086888,0.9544002238105518,0
54,1,1,0.6682031148496494,0.6682031148496494,-2.295521025993184,1.5767459420854404,-1.1285607830371782,1
55,1,1,-2.0809387044623855,-2.0809387044623855,0.3670961843260029,0.00733293912605188,-0.7435481670815122,0
56,1,1,0.8529606004108121,0.8529606004108121,-0.18183160473594256,1.2367035755444205,0.08566452462532245,1
57,0,0,-1.4326235556825535,-1.4326235556825535,1.738685801843744,-2.058059432684982,-1.2616848033171104,0
58,1,1,0.6133776336762611,0.6133776336762611,-1.1468898989339904,0.2598617783182283,1.2861041386557337,1
59,1,1,-1.8086935238149464,-1.8086935238149464,-1.8991342292857964,1.7277122875114688,0.10811546052880656,0
60,1,1,0.4907207153844391,0.4907207153844391,-0.6094272486226936,-0.6545883924911272,-0.3360956370856003,1
61,1,1,-0.1335962015303577,-0.1335962015303577,0.8599442720679614,0.7385574186842611,-0.13716019719231848,0
62,1,1,0.09804057013702654,0.09804057013702654,-1.6002577362892678,2.1128458669204484,1.6104238063678933,0
63,1,1,-2.0809387044625165,-2.0809387044625165,0.3840336063259759,0.00733293912605188,-1.0486863708692196,0
64,1,1,0.6424311970437736,0.6424311970437736,-1.2434090286292232,0.5065687604119863,0.8770017917481869,1
65,1,1,0.7028221148623612,0.7028221148623612,-0.13310931031551573,0.6108140263229123,-1.3751803184170812,1
66,1,1,-1.78296916870135,-1.78296916870135,0.23751946920204922,-0.07745337230585636,-0.14289406793360282,0
67,1,1,-2.0756673396196934,-2.0756673396196934,-0.3808966470134849,-0.192235814527658,-0.637212126367614,1
68,1,1,0.5904351165320519,0.5904351165320519,-0.7638149558704562,0.2886365366714886,0.7717072087726348,1
69,1,1,0.5998408011507358,0.5998408011507358,0.5863350638461474,0.6111916551536988,-0.8160756630567487,0
70,1,1,0.7028221148623612,0.7028221148623612,0.5658014190020845,0.39667251600588305,-0.39353669803090474,1
71,1,1,-2.0793169076038978,-2.0793169076038978,0.17774095608293822,-0.31930271556995155,0.11523478867034259,0
72,0,0,0.2344409557218683,0.2344409557218683,2.0118468479581995,-0.5787460269963736,0.4201451012127102,1
73,0,0,0.7444966629535748,0.7444966629535748,-0.8981820522255003,0.16920464146412276,0.3479201173370087,0
74,1,1,0.8517347072205705,0.8517347072205705,0.3510696124013932,-0.21076823436600983,-1.6223147171276309,0
75,1,1,0.5998408011507358,0.5998408011507358,0.17850947616817975,0.9440252752475755,-0.9833160079696119,0
76,1,1,0.5757353726307153,0.5757353726307153,-0.8750724638687495,1.3137536305530106,1.770008088505434,1
77,1,1,0.30893522384267624,0.30893522384267624,-0.47124385187067486,-0.8612309805801315,-1.4391834970236868,0
78,0,0,-0.18664811643957427,-0.18664811643957427,0.972335683206493,0.00733293912605188,0.2668921824853983,0
79,1,1,-1.481718223564101,-1.481718223564101,0.5753420410029193,0.00733293912605188,-0.24743834912166993,0
80,1,1,0.4843224415216156,0.4843224415216156,-0.08500322465957784,0.00733293912605188,0.5679717314102695,0
81,1,1,0.6970205182793054,0.6970205182793054,-1.7050129619867607,-2.0502471971470246,1.6340376874000788,1
82,0,0,0.788763154821554,0.788763154821554,2.5092850340713673,0.1892813683939871,-1.7960826561551217,1
83,1,1,0.780779552821819,0.780779552821819,-1.5938599349120035,2.0417748596601157,1.731962374506327,0
84,1,1,0.2909858354146032,0.2909858354146032,0.20066638900911138,-0.8167610940223726,-0.6213510957156869,1
85,0,0,0.21469015068354455,0.21469015068354455,1.9513574752918807,-1.3975049288812889,-0.17419927213380693,0
87,1,1,-0.282416839209824,-0.282416839209824,0.8706112492923543,-1.6912962145970143,-2.3743506984735645,0
88,1,1,0.8187559801846634,0.8187559801846634,0.7801359440275367,0.0583685364121786,1.484939297898691,1
89,1,1,0.8421514115308703,0.8421514115308703,0.8847774302417845,0.3558263267756242,0.5614468981629862,0
90,1,1,-0.3103796171816989,-0.3103796171816989,0.5989123405074847,0.1644783314263335,0.22171970990306503,0
91,1,1,0.7138178640621382,0.7138178640621382,-0.6792884994098115,0.4088103170269303,-0.04219714130884011,0
92,0,0,0.3518638544298626,0.3518638544298626,0.6418664437203889,-0.8802818624865258,-0.8972004167575737,1
93,1,1,0.6575393311380757,0.6575393311380757,0.26070944824120346,-0.05858227004663446,-0.07803655831685348,0
94,1,1,-2.0809387044625165,-2.0809387044625165,0.4235692954983429,-2.486965776676006,-1.8136807409285445,0
95,0,0,0.5603027097217933,0.5603027097217933,2.523965536240018,-1.0913291463885866,-1.9176783468984802,1
96,1,1,0.2246220060311903,0.2246220060311903,1.5632805548680317,-0.2804465273129915,2.0406196873000875,1
97,0,0,0.6575393311380757,0.6575393311380757,1.8652157375316885,-0.05573275614696897,-1.6324860611333711,1
98,0,0,0.5212955181435112,0.5212955181435112,0.62630394167025,-1.1924524039963995,-1.2799017745133114,1
99,1,1,0.6344791478528572,0.6344791478528572,0.43596889380591214,1.2262838148978783,-0.23716234324275734,0
100,1,1,0.7991444061433356,0.7991444061433356,-0.9093694378440388,1.463336393056629,0.8682995211617945,1
101,0,0,0.38423498863260663,0.38423498863260663,0.8485495051731968,0.00733293912605188,-1.8010518016125758,0
102,1,1,0.3000164459746517,0.3000164459746517,0.09980742714086839,0.00733293912605188,0.023600258234885818,0
103,1,1,-2.080938704446915,-2.080938704446915,0.3826956247431604,-0.7734384064705172,0.6416341190774175,1
104,1,1,0.6463063246068262,0.6463063246068262,0.6102635430085871,-0.8651508081694508,-0.3053007526723741,0
105,1,1,-0.08191545852604747,-0.08191545852604747,-0.22149795948948142,0.44570744691855363,0.345055682486663,1
106,1,1,0.7288866682002174,0.7288866682002174,0.7433013749813158,0.00733293912605188,-0.16972890740851235,0
107,1,1,-0.7165081345357647,-0.7165081345357647,0.29858452752992104,-0.5678019144830263,1.3126394387233966,0
108,1,1,0.10919947434397267,0.10919947434397267,-0.2956466640501402,0.5771812869588943,1.1877971698336307,0
109,1,1,0.10919947434397267,0.10919947434397267,0.216633279449421,0.03728593620101734,-0.2762481933168035,0
110,1,1,0.42958973561159636,0.42958973561159636,0.5855054284078338,0.23567467231074118,-0.3378041025743857,0
111,1,1,0.13118826660938557,0.13118826660938557,-2.682402945794797,1.7847054944406764,0.3578670226860725,0
112,1,1,-0.5114699695159399,-0.5114699695159399,-1.591215228812771,0.6752264545617834,-1.2080886684712207,1
113,0,0,0.5032312303512517,0.5032312303512517,1.7152646086113028,0.00733293912605188,0.9907582741109423,0
114,1,1,-1.554416677421849,-1.554416677421849,-1.8904662557611422,2.1999027370611555,0.006667853250418283,0
116,0,0,-0.7891828861023195,-0.7891828861023195,0.5512329932424503,0.00733293912605188,2.3328580858764876,0
117,1,1,0.5603027097217933,0.5603027097217933,0.7029586420337429,0.7108866595159264,-0.972284759230303,1
118,1,1,-2.080938704094785,-2.080938704094785,0.3269502706922503,-1.5074268331141536,1.5645960272346549,0
119,1,1,0.6287493275176234,0.6287493275176234,-0.7196494196179004,1.5602919564932993,0.7321201954983894,0
120,1,1,0.8368643518833873,0.8368643518833873,-0.37566889438102274,0.8871176314574428,0.44748126508874286,1
121,1,1,-2.0809387044625165,-2.0809387044625165,0.19045053679703952,-1.3707844560332554,-1.222326397321305,1
122,1,1,0.7733940809641983,0.7733940809641983,0.4928635738560829,0.6438129204077266,0.5488018724899583,0
124,1,1,0.6344791478528572,0.6344791478528572,0.5766714537898435,0.38004151621486715,-0.7464588653688349,1
125,1,1,0.8457061730503477,0.8457061730503477,-0.04616426724409044,1.3971385313958296,1.6154174983913616,0
126,1,1,0.6611559551176626,0.6611559551176626,0.5278636014462821,0.9012382355380707,0.8345065006291966,0
127,1,1,0.5603027097217933,0.5603027097217933,0.19714464848460383,0.7365028329874418,-1.1138899726389833,0
128,1,1,-2.020402688071252,-2.020402688071252,-1.7072182229048833,-0.03229548164998499,-0.9162521123523968,1
129,1,1,0.13118826660938557,0.13118826660938557,0.028785543358029884,-0.8449947940172791,-0.7829250726138544,1
130,1,1,0.6262517402760344,0.6262517402760344,0.0076159994323660146,0.8829373915665316,-0.19597305177884683,0
131,1,1,-1.5798419584815673,-1.5798419584815673,0.02809983545129418,0.5287275414833692,0.30829874650075545,0
132,0,0,0.4148914855821729,0.4148914855821729,0.7915456317556264,-0.2927357909775193,-0.4861905105314805,0
133,1,1,-2.0809387044625165,-2.0809387044625165,0.16332980049652182,0.00733293912605188,-0.5956673167822888,0
134,1,1,0.5807154197632419,0.5807154197632419,-1.1208100029268206,-0.668158940249167,-0.14890778988409847,1
135,1,1,-1.6575678396633005,-1.6575678396633005,0.2564225959095677,-1.1079579695596484,-1.442133030212875,1
136,1,1,0.2246220060311903,0.2246220060311903,0.7116892180517523,-0.6397612097706463,0.37687488665758084,1
137,0,0,0.5757353726307153,0.5757353726307153,0.3871023538447261,0.7216257368430049,0.14424316150938715,1
138,1,1,-0.8323959003525995,-0.8323959003525995,-0.0535086481346519,0.00733293912605188,-0.2969271975237248,1
139,1,1,-0.8036254236163489,-0.8036254236163489,0.3738504456528145,0.00733293912605188,1.202319790227805,0
140,1,1,0.8051307088372436,0.8051307088372436,0.8318017638126625,0.627413879108776,0.21332934138453097,1
141,1,1,0.6424311970437736,0.6424311970437736,0.32661310302688545,-0.6204358645613961,-1.161072478442227,1
142,1,1,0.8144522380653451,0.8144522380653451,-1.0064644741810822,1.116673197486038,-0.6898073022815718,1
143,0,0,-2.0809352076853838,-2.0809352076853838,1.5686028201766962,-2.0281787411594454,-0.8771768968889393,0
144,1,1,0.12024889781718921,0.12024889781718921,0.2724663972780572,0.24674524926471994,-0.6285856563526199,0
145,1,1,0.6940409555216318,0.6940409555216318,0.1347558500195604,0.9721711350521499,-0.24789942534901824,1
146,1,1,0.6783221044493287,0.6783221044493287,0.8128080672324016,-0.6572464378240772,0.03940757363139203,0
147,1,1,0.6344791478528572,0.6344791478528572,-0.2863170889500504,0.013186405712460948,-1.1447758892667643,1
148,1,1,0.6262517402760344,0.6262517402760344,1.0654983362588806,-1.0210473239354714,-0.7067885180469599,0
149,0,0,-2.074754628391777,-2.074754628391777,1.4043530178248316,-2.436684404684566,-1.487995637792994,0
150,1,1,0.3601194573237342,0.3601194573237342,1.3731884242814634,-0.416805318726649,-0.03885765043709667,1
151,1,1,0.6044283304979801,0.6044283304979801,0.13532489591157337,-0.976437111589229,-0.007969765269049254,1
152,1,1,0.7848855163142882,0.7848855163142882,-0.11765125069020252,0.5073919501212527,0.9685241020349662,0
153,1,1,0.28184311562594044,0.28184311562594044,0.14394713310656612,-0.753810026624331,0.24598129888615897,1
154,0,0,0.758208958981467,0.758208958981467,2.0460552505172003,-0.1837049396396875,-0.15597235252144323,0
155,1,1,0.742388124645471,0.742388124645471,1.229751649771624,0.2225853315620979,-1.4111771068293497,1
156,1,1,0.6463063246068262,0.6463063246068262,0.7527550120212367,0.5653954514040715,-0.9488433556592714,0
157,1,1,0.8482843691271301,0.8482843691271301,-1.192443240691669,1.9079429674652921,0.5358053579677153,0
158,1,1,0.638489118521472,0.638489118521472,-1.0381295826727799,0.35427174805673267,0.014063702607622882,0
159,1,1,0.719024662179679,0.719024662179679,1.4529369096160654,-0.5251821392825586,0.42798343391657545,1
160,1,1,-2.0809387044625165,-2.0809387044625165,0.15525420845922044,-1.2686094150538443,-0.853870731435174,1
161,1,1,-2.080938600959769,-2.080938600959769,-1.6386898341428315,2.5166596558890597,1.7174561816687026,0
162,1,1,0.3682661465968793,0.3682661465968793,0.5033056476067952,-0.5376643464795116,0.3479201173370087,1
163,0,0,0.39205831344903286,0.39205831344903286,2.5064629193033245,-2.126508903922298,-1.422292492299996,0
164,1,1,0.6220323968998335,0.6220323968998335,-0.835413776224498,1.646714525875399,0.2950831514858543,0
165,0,0,-0.7310953040775257,-0.7310953040775257,-0.3247960340334818,-0.004090493934062412,0.8749630286533033,0
166,1,1,0.45086590839167995,0.45086590839167995,-0.6486167927226533,-0.46432672216842513,0.9760818604727747,1
167,1,1,0.8523871637737347,0.8523871637737347,0.21246975097868653,0.47074283063070765,0.31358887960271803,0
168,1,1,0.32643857337014465,0.32643857337014465,0.25803985446683114,0.5979990224400933,-0.1913002756992311,0
169,1,1,-2.0809387044625067,-2.0809387044625067,0.9185131318220408,0.5002902167272809,2.4205046332131537,0
170,1,1,0.5032312303512517,0.5032312303512517,-2.656335286774448,2.5577879108072423,-0.17481285160590695,0
171,1,1,0.5655299935829474,0.5655299935829474,-0.8582407360249731,-0.13397225295766996,0.01382906541153561,1
172,1,1,0.5032312303512517,0.5032312303512517,-0.12006898884346194,-0.6534314758121148,-0.2917898910999515,1
173,1,1,0.6044283304979801,0.6044283304979801,-0.5929281677867531,1.6787240877778564,-0.8330744607225818,1
174,1,1,0.7056457809010843,0.7056457809010843,-1.3674987257181976,0.5682773337653179,1.3155962293023642,1
175,1,1,-0.33857482058106864,-0.33857482058106864,0.24047142530911053,0.028903168766986558,1.0550969886920714,0
176,1,1,0.4367838597037296,0.4367838597037296,0.18678396016077042,-0.6620045491734885,-0.4096910735255488,0
177,1,1,0.5032312303512517,0.5032312303512517,-1.1764910828243413,0.00733293912605188,0.8674977704750404,1
178,0,0,0.8051307088372436,0.8051307088372436,1.8923072572790722,-2.611412003723246,1.3966994785805995,0
179,1,1,0.8529606003990209,0.8529606003990209,0.9524938936780909,0.6925862828948175,-2.214736183540154,1
180,1,1,0.6177413491173277,0.6177413491173277,-1.598201121815664,0.9616509376513204,1.9447721034987828,1
181,1,1,0.8529606004108121,0.8529606004108121,-1.2484708663830149,2.4323280696020535,-0.06253759193906573,0
182,1,1,0.42958973561159636,0.42958973561159636,-0.9760578240848811,1.4386202655803573,-0.3225553511605021,0
183,1,1,0.7335536754284843,0.7335536754284843,-1.2229601081614805,1.2243510935235207,-0.9659149592962062,1
184,1,1,-2.056990542630282,-2.056990542630282,0.7330456127124915,0.00733293912605188,1.7280994762263153,0
185,0,0,-2.0809387025285013,-2.0809387025285013,0.6195322704935268,0.7793919774031456,-0.7993863575318533,0
186,1,1,0.40054090527259245,0.40054090527259245,-0.3952145427585512,1.819229100221607,0.07673896545876695,1
187,0,0,0.7991444061433356,0.7991444061433356,1.1073540072849244,-0.5329531395049191,-0.3842443581446051,1
188,1,1,-2.0809387044625165,-2.0809387044625165,0.31622987408684744,-2.3218632182022736,0.007717144900559479,0
189,1,1,0.8078732997353522,0.8078732997353522,1.5799859293696612,0.042193774206728776,1.0083532849631476,0
190,1,1,0.740240231654526,0.740240231654526,-1.1996589851242274,0.42422701383014455,-0.5952058372704861,0
191,1,1,-1.9249986223310098,-1.9249986223310098,-1.451592140680863,0.5912930755240037,1.2735160511846102,1
192,1,1,0.4712354379190833,0.4712354379190833,0.1019542523630081,-0.35411202376845863,-0.12311463527429005,1
193,1,1,0.8529606004108121,0.8529606004108121,1.1343495335870768,-0.15120558872233095,-0.34081732890167976,1
194,1,1,-0.43879521794938514,-0.43879521794938514,0.2366119203016164,0.00733293912605188,-1.800445544214716,0
195,1,1,0.7848855163142882,0.7848855163142882,-0.04112552779994478,-0.09511102641430759,0.33281990536100764,0
196,1,1,0.7335536754284843,0.7335536754284843,0.12834936780417164,0.11798839491456198,-0.8204737646750521,0
197,1,1,0.5757353726307153,0.5757353726307153,0.4415551117400687,0.367055995356635,-0.09803385794995355,0
198,1,1,0.8417119714708194,0.8417119714708194,0.1153414651892975,-1.1309764563949736,-0.18305234737409812,0
199,1,1,-0.04411918880176201,-0.04411918880176201,-0.40851111125378675,1.2219876556275997,1.9733794336115522,0
200,1,1,0.7056457809010843,0.7056457809010843,-1.7572526689369043,1.571745163118862,0.20089154725747008,0
201,1,1,0.6220323968998335,0.6220323968998335,-0.41548066376300086,0.4681262478168101,-0.4356547650654722,0
202,1,1,0.7215579895661697,0.7215579895661697,0.4944586103890192,-0.2892669571848233,0.1494298116501634,1
204,1,1,0.3682661465968793,0.3682661465968793,-0.06717264922904125,-0.2235820486889291,1.7839731946748907,1
205,1,1,0.5706738894677997,0.5706738894677997,-1.261900125964097,1.1845322600006285,1.8353036750312652,1
206,1,1,-0.24095030882337132,-0.24095030882337132,0.5603243503402896,-0.4719761356894945,-0.3973499626326444,0
207,1,1,-0.3527533844355152,-0.3527533844355152,-0.31831125048186043,0.19422422962179287,0.8366000155494452,0
208,0,0,0.7264882551041622,0.7264882551041622,0.5069188115975048,0.6908301159656008,0.24604215918767972,0
209,1,1,0.6847772405886847,0.6847772405886847,0.7648358003706002,-0.524206483080631,1.3535742516916576,0
210,1,1,0.4367838597037296,0.4367838597037296,-0.9586285030629728,-0.527353274935712,-0.10798130250996017,0
211,1,1,0.4843224415216156,0.4843224415216156,-0.017814555544377962,-0.17396871112207676,0.28782607035702396,0
212,1,1,0.8078732997353522,0.8078732997353522,-0.3736836219782706,0.6513581253412685,1.3396765939559554,0
213,1,1,0.5951767217696758,0.5951767217696758,0.3946370726597887,-0.011231994433226348,-0.8781679628702057,1
214,1,1,0.5706738894677997,0.5706738894677997,-0.5570028847530488,-0.6151018751566493,-0.16843774697742786,1
216,1,1,-2.0809387044625165,-2.0809387044625165,0.8076713022965079,0.00733293912605188,-0.8052030326620595,0
218,1,1,-2.0715371219634204,-2.0715371219634204,-0.5813437554591715,-0.11622487070358377,-0.31500459532297687,0
219,0,0,0.774927699443925,0.774927699443925,1.097261793844318,-0.5773371559922691,1.0329721106313532,0
220,1,1,0.40738589892823596,0.40738589892823596,-0.0032745384008516652,-0.4270962742151783,0.47007555248868554,0
221,1,1,0.6344791478528572,0.6344791478528572,0.13213448210414694,-0.20340152291009983,-0.635852330450556,1
222,1,1,0.2344409557218683,0.2344409557218683,-1.265009605318515,1.589356369966208,1.26639017431975,0
223,1,1,-1.563001984502444,-1.563001984502444,-0.2946619892584072,-0.5280519387610241,-1.3836435831864675,1
224,1,1,0.7358236908798163,0.7358236908798163,1.0445868357601806,-0.16834599263820976,0.11649190972523199,1
225,1,1,0.4907207153844391,0.4907207153844391,-0.18064903389449136,-0.43803540637320365,0.4149341425995252,0
226,1,1,0.7056457809010843,0.7056457809010843,-4.274780900500241,2.022105206779137,0.5329327839797676,1
227,1,1,0.840533953602778,0.840533953602778,-0.4657516959265482,1.2714503393662289,-0.753498325900676,1
228,0,0,-2.0408802435278215,-2.0408802435278215,0.16098516369217256,0.6705257927011056,0.8623913142873506,0
229,1,1,0.16334112526437228,0.16334112526437228,-1.1180498509430772,-0.6026779697263052,2.102794148826982,1
230,1,1,0.47782763986724414,0.47782763986724414,0.34714393914331654,-0.48275138994012906,0.3560015672569539,1
231,1,1,0.5757353726307153,0.5757353726307153,-0.697383624813684,0.3511124133808412,-0.13444157171661536,1
232,1,1,0.8121041739956546,0.8121041739956546,-1.1311400770727853,0.6836464757414752,-0.21040046098767087,0
233,1,1,0.5495940877538653,0.5495940877538653,-0.1560736571774619,-0.07843643706867569,2.126445541397471,1
234,1,1,0.7924245840195472,0.7924245840195472,-0.13158272474394955,0.8086587409785013,0.5488018724899583,0
235,0,0,0.638489118521472,0.638489118521472,1.355906927844862,-1.0954229366835093,0.6254813081712,0
236,1,1,-1.77757219180557,-1.77757219180557,0.3974364920250574,0.00733293912605188,-0.9980455331834818,0
237,1,1,0.2344409557218683,0.2344409557218683,0.4060067785435309,-1.9371319424613322,-1.3641567382552764,1
238,1,1,0.6262517402760344,0.6262517402760344,-0.44207949291609977,-0.16363614089433398,1.6309713276687574,1
239,1,1,0.7900070730238695,0.7900070730238695,-0.1740997788993029,0.5142896259758488,-2.2082531266666163,0
240,1,1,-2.0804500398720456,-2.0804500398720456,-2.3122076717204063,2.126668944964868,1.3512099580304646,0
241,1,1,0.443875657452831,0.443875657452831,-0.9881910502270497,-0.44507055153071956,1.6166880351702788,1
242,1,1,0.7335536754284843,0.7335536754284843,0.5772454768580876,-0.3397467660714862,-0.7283457204858484,0
243,1,1,0.5032312303512517,0.5032312303512517,0.0568517457735926,0.7488181895910733,1.3179628785517863,0
244,1,1,0.5357219801608901,0.5357219801608901,-0.9026390270094174,0.39165354759406423,0.41474691500527167,1
245,0,0,0.6463063246068262,0.6463063246068262,0.5445260856557614,-0.07787447828794833,0.5201044788966804,1
246,1,1,0.6044283304979801,0.6044283304979801,-2.16101689693682,1.0005789471675368,-0.9614600237279237,0
247,0,0,0.5032312303512517,0.5032312303512517,1.015435697005326,0.00733293912605188,-0.3575450842345489,0
248,1,1,-2.0809387044625165,-2.0809387044625165,0.264732908854557,-1.036378295767667,1.0721169866938285,1
249,1,1,0.5328815125411135,0.5328815125411135,-0.9799799791264552,1.5300713518055258,-1.4946110032179483,1
250,1,1,0.5328815125411135,0.5328815125411135,-0.2072058056982979,0.6131705687461845,-0.5251965659629346,0
251,1,1,0.848894433556226,0.848894433556226,1.399251929870073,-0.03540955785907801,-0.23037390767854934,1
252,1,1,-0.6579843438032664,-0.6579843438032664,0.2790415545931338,-2.503901966414213,-0.6835462009585499,0
253,1,1,0.8515505761293473,0.8515505761293473,-0.6074670587927522,1.739562600099513,-0.6364313403249163,0
254,1,1,0.6044283304979801,0.6044283304979801,-0.8749265579766943,-0.2633821503150523,1.1142570920929176,0
255,1,1,0.1420170617271278,0.1420170617271278,0.08225455562520369,-0.46755793981892396,0.06955539948220474,1
256,1,1,0.5757353726307153,0.5757353726307153,0.6245002093089537,0.8048224637388569,1.6442223822219675,0
257,1,1,0.7525503679472166,0.7525503679472166,-1.2854767039729678,0.6461504501738743,0.7535051398550798,0
258,1,1,0.47782763986724414,0.47782763986724414,-0.2651337287746705,-0.5205592495943921,-1.3339521286119307,0
259,1,1,-2.0809387044625165,-2.0809387044625165,1.0795611077623521,0.6890303412503553,-0.37504675017558964,1
260,0,0,-1.5005661526117948,-1.5005661526117948,1.2618407788607025,-2.2702414999309557,0.3222489943408385,0
261,1,1,-1.1587558092380956,-1.1587558092380956,0.20540254267715652,-2.389072071938151,1.3254059652104118,0
262,1,1,0.7505927211734981,0.7505927211734981,-0.923590177480619,0.9725090032777183,-0.14551280571915493,0
263,1,1,0.6501154370254268,0.6501154370254268,0.8788877233254455,0.632815745420871,0.08983531704823552,0
264,1,1,0.7702384646345074,0.7702384646345074,-2.4341678559428184,1.4926553911807483,0.5886560490394607,0
265,1,1,-0.019403099118670514,-0.019403099118670514,-3.2419310940427803,1.5462321590451453,-0.3832701347379846,1
266,1,1,0.6220323968998335,0.6220323968998335,-1.0043110038514869,0.10244390208023532,-1.5159358965948289,0
267,0,0,0.5032312303512517,0.5032312303512517,0.6542766164616094,0.00733293912605188,1.45435480113833,0
269,0,0,0.5998408011507358,0.5998408011507358,1.6331928516381273,0.3283253061063699,0.6308244962321178,0
270,0,0,-2.0809387027125474,-2.0809387027125474,0.8135405381238772,0.00733293912605188,-0.830162035692728,0
271,1,1,-2.0809387040479,-2.0809387040479,0.2672159835406304,0.00733293912605188,-1.6250996545555225,1
272,1,1,0.5495940877538653,0.5495940877538653,0.40767449339788026,-0.5543825065787618,-1.5694145827929302,0
273,1,1,0.8159431214642252,0.8159431214642252,0.10881347722706154,-0.09378483447328008,0.30136483479573895,0
274,1,1,0.32643857337014465,0.32643857337014465,0.8660972365754045,-0.8291624980521833,0.2668921824853983,1
275,1,1,0.8515784833279205,0.8515784833279205,-3.0467332987317177,3.226642849111348,0.09128733978565894,1
276,1,1,0.7544718795601331,0.7544718795601331,1.4246331433640769,-0.09444440231280903,-0.35330913552463683,0
277,1,1,0.5032312303512517,0.5032312303512517,-0.22595159846033702,0.983970088195663,-2.122157770069178,1
278,1,1,-1.5457205869758948,-1.5457205869758948,1.555786969704481,-1.8400920798342182,-1.976260189593904,0
279,1,1,0.5032312303512517,0.5032312303512517,0.004844331354710458,0.00733293912605188,-0.3922286514321492,1
280,1,1,0.7563578736005754,0.7563578736005754,-0.07507610146282986,1.2149531520342114,-0.8460199519355927,0
281,1,1,0.7969900244686449,0.7969900244686449,1.3233864505457158,-0.3389549190423625,0.008991284761444876,0
282,1,1,0.719024662179679,0.719024662179679,0.10711499023752981,-0.305468591099176,-1.3232546626965784,1
283,1,1,0.5904351165320519,0.5904351165320519,0.14659808637874697,-0.4950014637836712,-1.4111771068293497,1
284,1,1,-2.080938684385049,-2.080938684385049,0.5000354875540605,0.00733293912605188,-1.2040840599119425,0
285,1,1,0.6344791478528572,0.6344791478528572,-0.00819694494487026,0.0776871538334859,-1.3439419800503913,0
287,0,0,-1.6353640029799403,-1.6353640029799403,0.8469198292385042,0.00733293912605188,1.665842523861415,0
288,1,1,0.638489118521472,0.638489118521472,-0.08141983803887448,0.9863734129891816,0.6091386586600004,1
289,1,1,0.852960600228202,0.852960600228202,-0.052764914226631404,1.263387977994177,1.0280483454977118,0
290,1,1,0.6910077809808272,0.6910077809808272,-0.7672886474647441,1.1866397366942232,0.8307115624945198,1
291,1,1,0.8344607596076515,0.8344607596076515,-2.59777899549835,2.420934061375178,0.4021617833916196,0
292,1,1,-1.208575004933034,-1.208575004933034,-2.2275775327875853,2.666274423012224,0.39555445379561976,1
293,1,1,0.40738589892823596,0.40738589892823596,0.809587050807274,0.022032282808438476,1.3119331989354257,0
294,1,1,-2.0809343472111768,-2.0809343472111768,-0.05594252813145208,1.0206396130660726,0.6131302581285839,0
295,1,1,0.6177413491173277,0.6177413491173277,1.1234420976744508,0.29054046692499536,-0.7524633853456645,0
296,1,1,0.7764325504705755,0.7764325504705755,0.8562279957799862,-2.077054003994872,0.8010368582835136,1
297,1,1,-2.070342778860033,-2.070342778860033,-0.12156973222088112,-0.09177315921742679,0.01032268933517918,0
298,0,0,0.6716354537013074,0.6716354537013074,2.4593150820196725,-0.27514998621675774,1.3930702705347064,0
299,1,1,-2.064842455935092,-2.064842455935092,0.3096061536419524,-0.26165205839645794,-0.34396584294162846,1
300,1,1,0.06391355120173839,0.06391355120173839,-0.5904082416001045,0.15977289632754227,1.7604816344340914,0
301,1,1,-0.09470103244219004,-0.09470103244219004,0.22431366884355874,-0.7978730948682314,0.15472652333238981,1
302,1,1,0.47782763986724414,0.47782763986724414,-0.402916434930762,-0.5114243971953416,1.2420514875326216,0
303,1,1,-2.0809387044625165,-2.0809387044625165,0.41514989521102413,-1.8783842959100294,-0.05025621876973325,0
304,0,0,0.5212955181435112,0.5212955181435112,2.2830228362485414,-1.3645722752690979,1.0032597348248977,0
305,1,1,0.8483768200436738,0.8483768200436738,-0.3924055748778658,-0.12630420228524591,-0.00320977181216586,0
306,1,1,-2.0809387044625165,-2.0809387044625165,0.7133779554916811,-2.2432193146391457,-1.1256737560913497,0
307,1,1,-0.4243526804353554,-0.4243526804353554,-0.07499687499487633,0.14110637686476596,-0.30370387276421906,1
308,1,1,0.6044283304979801,0.6044283304979801,-1.1397290360374523,-0.1622965713146192,1.058638545902463,0
309,1,1,0.5655299935829474,0.5655299935829474,-0.4554870742936631,-0.18163595197417545,-0.633754359607096,1
310,1,1,0.5032312303512517,0.5032312303512517,0.7599927563595935,0.00733293912605188,-0.4096910735255488,0
311,1,1,0.849280895182807,0.849280895182807,-0.7957955901398159,-0.07530994755631787,-0.3286916696369145,1
312,1,1,0.46454497635278336,0.46454497635278336,0.938277735857273,0.3300476966635405,0.6666493658525208,0
313,0,0,0.8520523380378074,0.8520523380378074,3.00702723625712,-1.5431150273055483,0.9795852190137828,0
314,1,1,0.5706738894677997,0.5706738894677997,-0.4241019750232447,-0.05410246660580029,-0.8340458800214009,1
315,1,1,0.6501154370254268,0.6501154370254268,0.29597202368181186,-0.331715338873844,0.05676237248199888,1
316,1,1,0.7111428651102571,0.7111428651102571,0.5182652780458485,0.9188445494782852,-1.3734504642993828,0
317,1,1,0.6847772405886847,0.6847772405886847,-1.0741777352468207,0.39610639255742164,0.32809625992059815,1
318,1,1,0.1944880178862864,0.1944880178862864,0.9494759422439529,0.04963348123717963,-1.7684338211739052,1
319,1,1,-0.25470570533747844,-0.25470570533747844,-1.3394556473959314,-0.6044275447542878,1.416216303273223,0
320,1,1,0.25374011951239667,0.25374011951239667,-0.8305078933700887,-0.9003268380565429,-0.01445593443150467,1
321,1,1,0.5212955181435112,0.5212955181435112,-0.11212218252704605,0.0993291474343229,0.30626823230384825,1
322,1,1,0.30893522384267624,0.30893522384267624,0.017247787259671177,-0.64230160174557,-0.12721330354112986,0
323,0,0,0.8522316582189113,0.8522316582189113,1.1836885341407635,-0.4757415317439557,-0.1550590381909757,1
324,1,1,0.7444966629535748,0.7444966629535748,-0.020616803027335803,0.37456414188231335,0.007222702566484192,0
325,1,1,-2.0238594453716434,-2.0238594453716434,-0.5717798792884654,1.2972530526695292,0.21599182179012946,0
326,1,1,-1.442668254735249,-1.442668254735249,-1.6954183379880612,1.6005303944818314,0.3367459109821029,0
327,1,1,0.7544718795601331,0.7544718795601331,-0.07963073262684257,0.005705923814672266,-0.046199391966619874,0
328,1,1,0.8032118326643741,0.8032118326643741,-0.91010647499579,1.121247288473996,-1.6380509655065871,1
329,0,0,0.443875657452831,0.443875657452831,0.3100850316288303,-0.5610100063927991,-0.7552701629052885,0
331,1,1,0.12024889781718921,0.12024889781718921,-0.313417779774256,0.00733293912605188,-0.7005955474135227,0
332,0,0,-0.18664811643957427,-0.18664811643957427,0.8639296020040167,-2.5504450895212427,0.1552857069703955,1
333,1,1,-2.0809387044625165,-2.0809387044625165,0.36625943397903155,0.16445038991374086,-1.6023612733971166,0
334,0,0,-0.467781121951714,-0.467781121951714,0.364415333481422,-2.0516066358744,-1.1413977421356003,0
335,0,0,0.26322043576945087,0.26322043576945087,0.7762224067104857,-0.46592798587350814,0.018709836883187784,0
336,0,0,0.5328815125411135,0.5328815125411135,2.4343297742479715,-0.806110351614958,-2.0605724549377022,1
337,1,1,0.6133776336762611,0.6133776336762611,-2.0808681535437135,0.8891307897168246,2.4883110974560636,1
338,1,1,0.7958813413199387,0.7958813413199387,0.027186094974389254,1.3908166210115553,-0.5998053768674666,0
339,1,1,0.742388124645471,0.742388124645471,0.12859546481884512,-0.12862183864194351,-2.0744419797630083,1
340,0,0,-1.9127553446403893,-1.9127553446403893,0.8217011993761124,-0.9540122701656227,-1.120913232935992,0
341,0,0,0.7702384646345074,0.7702384646345074,0.7845180570973409,0.08359156983229886,-0.8478592774183515,1
342,0,0,0.6647102480276941,0.6647102480276941,1.142997358617826,-0.3301073352948582,-0.5177292957642913,1
343,0,0,0.6970205182793054,0.6970205182793054,1.7060240729043339,-0.9354216788378643,0.3990373496750358,0
344,1,1,0.7380523135225238,0.7380523135225238,0.26105912572221274,0.5108903566391306,-0.6717090050297879,0
345,1,1,0.4712354379190833,0.4712354379190833,-1.1412993578215571,-0.281658368233367,0.5715149754761085,1
346,1,1,0.5032312303512517,0.5032312303512517,0.896610782408887,-0.6936786439521404,-1.0710512062762478,0
347,1,1,0.5904351165320519,0.5904351165320519,-1.3346332003022756,0.4699327162008066,-0.08223440869462793,1
348,1,1,0.06391355120173839,0.06391355120173839,-1.234164495561891,0.3417123406896393,1.5501093449124994,0
349,1,1,0.31774248292419033,0.31774248292419033,0.44827288089446504,-0.4040405331819763,0.7127742271737939,1
350,1,1,0.7702384646345074,0.7702384646345074,-1.6384716004904125,0.46736873144109653,0.6904510763346143,0
351,1,1,0.6847772405886847,0.6847772405886847,-1.2173905127818574,0.18090031716673347,1.4839169417733804,0
352,1,1,0.6177413491173277,0.6177413491173277,0.13255773814958946,-0.09645292427118883,-1.1984508936841438,0
353,1,1,0.7821743490448485,0.7821743490448485,-0.11180071920754511,0.5013900945785619,-0.4096910735255488,1
354,1,1,0.5093452744928939,0.5093452744928939,-0.9569681753518222,-0.1308082347107432,0.48716245473976605,1
355,0,0,0.3601194573237342,0.3601194573237342,1.5258468636525282,-1.0344800737561102,1.5600558981026493,0
356,1,1,0.8529606004108121,0.8529606004108121,-2.684019121181245,1.064796858838973,0.9974581450929624,1
358,1,1,0.6372932989557264,0.6372932989557264,-1.0768152965337316,1.8888708267011995,-1.4915543987311703,0
359,1,1,-0.40994743395398336,-0.40994743395398336,-1.309792457199239,-0.6341956701516761,0.7394605055129351,0
360,1,1,-0.7891828861023195,-0.7891828861023195,0.6434302933989775,-2.339304463660136,0.5611535857118075,0
361,1,1,0.5706738894677997,0.5706738894677997,-1.922839078169765,0.8967650407201474,2.241948094493399,0
362,1,1,-1.094381902521347,-1.094381902521347,0.5847972741407308,0.00733293912605188,-0.6452251763006899,0
363,1,1,0.8525605036029883,0.8525605036029883,-0.6721220710960967,0.4243257233760664,-0.20572112134577827,0
364,0,0,-0.5407026312450895,-0.5407026312450895,0.8586862744649768,0.1150011516520038,-0.9603146808110522,0
365,1,1,-1.9568647722519221,-1.9568647722519221,0.5764587015481913,-1.9067756814424084,-0.04482668924169963,1
366,1,1,-2.0809387044625165,-2.0809387044625165,0.6854236793102999,-1.345091111021963,-0.6438929698370294,0
367,1,1,0.2246220060311903,0.2246220060311903,-1.1666784859103179,-1.4727830938318744,0.7144987913490228,0
368,1,1,0.6133776336762611,0.6133776336762611,-0.42357976318469853,0.17382928065322126,-1.4616955264693976,1
369,1,1,0.7264882551041622,0.7264882551041622,0.6827484005764057,-0.27530532059471524,1.1287816805885136,0
370,1,1,0.5681123041094267,0.5681123041094267,0.3904868596558281,0.1585682642945699,-0.020599877618262787,1
371,1,1,0.7335536754284843,0.7335536754284843,0.9263705878618567,-0.5673264314122215,0.43498083515061653,0
372,1,1,0.5951767217696758,0.5951767217696758,-0.6296574901917309,0.7771375288021969,0.9300206578370362,0
373,0,0,-1.9615317794801885,-1.9615317794801885,1.4158239224657587,0.00733293912605188,-1.7333241894517255,0
374,1,1,0.515366395248328,0.515366395248328,0.37536409039114793,-1.1554477876744718,0.08698254395521407,0
375,0,0,-0.36698253530873853,-0.36698253530873853,1.0461305162992964,-0.8292992842074062,0.1264151505170226,0
376,0,0,0.6815781765104912,0.6815781765104912,0.3391165129288144,0.11244875903177093,-1.6604903789642251,0
377,1,1,0.6424311970437736,0.6424311970437736,0.17370443025417853,0.20453047927131607,-0.13814501124796766,0
378,1,1,0.15273481839242248,0.15273481839242248,-0.12260779194401779,0.5473551331686664,-0.5850899675283862,0
379,0,0,-0.7747058118284025,-0.7747058118284025,0.26477136036141574,-2.5047621238564397,0.5201044788966804,0
380,1,1,0.8452587619145879,0.8452587619145879,-1.6609364365921144,1.8780510213815922,0.5488018724899583,1
381,1,1,0.6044283304979801,0.6044283304979801,-0.45800282910516954,-0.06781678480436024,0.4091111965011518,1
382,1,1,0.6304003387775298,0.6304003387775298,0.06192615756663456,-0.43956442743247187,-0.8470616411248575,1
383,1,1,0.5032312303512517,0.5032312303512517,-1.0748866126211134,-0.012918374241210293,1.105070100088245,1
384,1,1,-2.0657749837096824,-2.0657749837096824,-0.08084417391044314,0.00733293912605188,0.5953306562771199,0
385,1,1,-1.9568647722519221,-1.9568647722519221,0.26876099459543396,-1.422950513777468,-0.1070090905732824,0
386,1,1,0.8022242203713009,0.8022242203713009,0.2258809419540952,1.0242068414061738,-1.2459857156665692,1
387,1,1,-2.08091437143406,-2.08091437143406,-0.33215989556704784,0.039198456984400096,2.4125381564090005,0
388,1,1,0.515366395248328,0.515366395248328,0.23820498112550012,-0.044901229151292785,0.7765215788867319,0
389,1,1,0.850287667944856,0.850287667944856,-0.9245623497439553,0.3852987839816587,0.9335983106713674,0
390,1,1,0.3601194573237342,0.3601194573237342,0.1629177199954668,-0.8249383189939187,-0.17378704468359374,1
391,1,1,0.6647102480276941,0.6647102480276941,-1.4129844356153893,2.1726522485423874,0.2148051408962239,0
392,1,1,-0.40994743395398336,-0.40994743395398336,-0.022524563569996565,-0.32502776620026036,-0.10284135242591984,1
393,0,0,0.5441108116662811,0.5441108116662811,0.8252113286950744,0.5907338213570384,0.18446244856593585,1
394,1,1,0.3682661465968793,0.3682661465968793,-0.7136694101609807,-0.16450961755124058,1.0918989475676577,0
395,1,1,0.4907207153844391,0.4907207153844391,-0.4889316639201959,0.6086071097129979,1.191090960026124,1
396,1,1,0.5807154197632419,0.5807154197632419,-0.24581901085994334,1.328335337664588,0.765357253220378,1
397,1,1,0.5807154197632419,0.5807154197632419,-0.0021082737837534184,-0.4080894692269392,0.6037298350123373,1
398,1,1,-2.0809387044625165,-2.0809387044625165,0.21282806745816485,-1.9769890344485637,-0.9488433556592714,0
399,1,1,-0.056623053901878787,-0.056623053901878787,-0.8115235699326238,-0.2572367589714255,-1.1846428171125543,1
402,0,0,0.7544718795601331,0.7544718795601331,1.2374834376322248,0.27112616882247903,0.8713716139374852,0
403,1,1,0.2909858354146032,0.2909858354146032,-1.3270463933190804,0.41143088679594714,-0.06324784002596674,1
404,1,1,-2.0805802789931636,-2.0805802789931636,0.6121652947777322,-1.1388474083233682,-1.3991031468318793,0
405,1,1,0.2909858354146032,0.2909858354146032,0.760824189519526,1.0279828837870622,-0.22079100387285686,0
406,1,1,-1.933623884952789,-1.933623884952789,1.1735244240600025,0.00733293912605188,-0.6861794233377134,0
407,0,0,0.5904351165320519,0.5904351165320519,0.42292568698445165,0.5179544567783518,1.0594743437277292,1
408,1,1,-1.793508097634652,-1.793508097634652,0.02294698996781579,-0.284116098068998,-0.2676316420036586,1
409,1,1,0.8529602567696158,0.8529602567696158,0.7252340403140423,0.11016594511001754,-0.13236062721649353,1
411,1,1,-1.0278666174118554,-1.0278666174118554,-1.7714652727843643,1.8546752771995194,-0.7148828573314807,0
412,1,1,0.5032312303512517,0.5032312303512517,-2.675870321658084,2.2062784440954055,1.6259544019665202,1
413,1,1,0.8492066553184306,0.8492066553184306,-0.6935347023816543,1.125750955540579,1.359189494485577,0
414,1,1,0.5495940877538653,0.5495940877538653,-1.5972919815929176,-0.07645981889317413,0.30236931532765027,1
415,1,1,0.5807154197632419,0.5807154197632419,0.32713110172775967,0.3122679409997552,0.34043384074745736,1
416,1,1,0.5032312303512517,0.5032312303512517,-0.33838288580848247,0.47084780445145,0.5837833668700863,1
417,1,1,-2.0809387044625165,-2.0809387044625165,-0.010011178436297861,0.3886601622639085,-0.20213010106092258,0
418,1,1,-2.0809387044625165,-2.0809387044625165,0.46452291041408666,-2.2319048482864443,-0.1963163187588449,0
419,1,1,0.7702384646345074,0.7702384646345074,-0.8164497832347329,0.2500424660934134,-0.4612691692752627,1
420,1,1,0.5655299935829474,0.5655299935829474,-0.0269832721928703,0.42793332528521166,-0.5418969971138938,0
421,1,1,-0.40994743395398336,-0.40994743395398336,0.2889736232580417,0.00733293912605188,0.059774859216741326,1
422,1,1,0.10919947434397267,0.10919947434397267,0.13725810544769596,0.45629527053215546,-0.3043070323405978,1
423,1,1,-2.0809387044625165,-2.0809387044625165,1.280543385473053,-1.3426179642179408,-1.044224113206205,0
424,1,1,0.8515221057153206,0.8515221057153206,-1.2509666204516532,0.5371266705020228,0.11607368015790086,1
425,1,1,-0.18664811643957427,-0.18664811643957427,-2.3504997462591963,1.87020468449974,1.212067022438254,0
426,1,1,-2.0809386162632926,-2.0809386162632926,0.2568441348672609,0.13147332876120435,-0.13680568804521298,0
427,1,1,-0.62865805958656,-0.62865805958656,0.5233928226710485,-2.061016834002865,0.44998816671516406,0
428,1,1,0.31774248292419033,0.31774248292419033,-0.7329975357523838,-0.38147516844999346,0.09512620957384088,1
429,1,1,0.39205831344903286,0.39205831344903286,-1.3076250815657435,-0.5795694786377964,0.947401453521552,0
430,0,0,-2.0806422949807386,-2.0806422949807386,1.298199095844468,-1.9372910397635448,0.8354325381644523,0
431,1,1,0.5032312303512517,0.5032312303512517,1.3800141748810193,0.00733293912605188,-0.6549925857759623,0
432,1,1,-2.080917122982051,-2.080917122982051,1.9751778807588642,-0.3984327401525964,-0.3902621624576671,0
433,1,1,0.46454497635278336,0.46454497635278336,0.22585883150098843,-0.6495420396774897,0.48758425732473476,0
434,0,0,-1.3033749982649507,-1.3033749982649507,0.5692915813157755,-1.2635580615276636,1.0540315880101805,0
435,1,1,-0.7891828861023195,-0.7891828861023195,0.45413135099411167,-2.22343250265884,-0.4596511305572444,0
436,1,1,0.6879201577034109,0.6879201577034109,0.42315557889273575,-0.27646303055773663,-1.0609936762880126,0
437,1,1,-1.692523080404488,-1.692523080404488,0.9847839396040786,-0.754869607537107,-0.29409393430759834,0
438,1,1,0.6344791478528572,0.6344791478528572,-0.7211702475887003,-0.19163179851383788,1.900231500165852,0
439,1,1,0.004915547089021259,0.004915547089021259,0.27168615789836126,-0.5896496052793628,-0.28634613677288323,1
440,1,1,0.004915547089021259,0.004915547089021259,0.42623816795039615,-2.289388141691482,-0.279970223688863,0
441,1,1,-2.0809387044625165,-2.0809387044625165,1.4621186565732638,-2.0887620340599327,1.6212415323674494,0
442,1,1,0.07539689421324626,0.07539689421324626,-0.8592042450892304,0.20237950860272397,1.190312899350732,1
443,1,1,0.7505927211734981,0.7505927211734981,-0.010883336390557379,0.06707125632759871,0.8801527222929588,0
444,1,1,0.7874952181223878,0.7874952181223878,-0.22172062372223134,-1.1431006358149038,1.2444822365334727,0
445,1,1,-2.0809386910041874,-2.0809386910041874,0.20287275602556312,-2.6171487937891746,-0.0356450458121803,0
446,0,0,-0.5553423408385143,-0.5553423408385143,0.14141501392536435,-1.750842101795519,-0.09408973764239369,0
447,1,1,0.8500652669320525,0.8500652669320525,0.10579908700167195,1.4464584524959203,0.18852917424986357,1
448,1,1,-1.554416677421849,-1.554416677421849,-1.1893615746813477,1.1123530185894965,0.10069502768080772,0
449,1,1,0.4367838597037296,0.4367838597037296,-1.8973589584065265,-1.6257481456802474,0.7346321375337823,1
450,1,1,-0.10757744463449104,-0.10757744463449104,-1.6175388239916029,1.166548538568687,-0.2652606296054034,0
451,1,1,0.3682661465968793,0.3682661465968793,-0.9413383215488685,0.06306561035426615,0.6314305747326752,1
452,1,1,0.6847772405886847,0.6847772405886847,-0.8213246435918509,0.38308308320953405,1.1709473952586444,1
453,1,1,0.5093452744928939,0.5093452744928939,-0.914376754005931,0.7387411814089159,1.7469180550093428,0
454,1,1,0.5032312303512517,0.5032312303512517,-0.6074670587927522,-0.10596132746529571,-0.5477140577517811,1
455,0,0,-1.380712922444127,-1.380712922444127,0.7336274259372871,-1.0999126687065441,1.4554843889911142,0
456,1,1,0.5655299935829474,0.5655299935829474,-2.6720427681258676,1.5232800911265134,-1.0288753554498848,1
457,1,1,0.7215579895661697,0.7215579895661697,-0.05919074709581211,0.6878453974153549,-1.0579204069580022,0
458,1,1,0.638489118521472,0.638489118521472,-0.4860005793637448,0.2430359912506999,1.5770033963975028,0
459,1,1,-2.0763549240953783,-2.0763549240953783,-0.05425070782282055,-0.30225637802183736,-0.6326407249844236,0
460,1,1,0.6575393311380757,0.6575393311380757,0.26824720595683127,0.6484357295108771,0.35319106718067084,0
461,1,1,-2.0809387044625165,-2.0809387044625165,0.3023941500726733,-1.6691956936133387,-0.8204737646750521,0
462,1,1,-0.056623053901878787,-0.056623053901878787,0.06069056106040024,-0.9307173744061554,-1.597243818704854,0
463,1,1,0.7028221148623612,0.7028221148623612,0.45605507828476644,0.28126241649725975,0.34043384074745736,0
464,0,0,0.8427787051263232,0.8427787051263232,0.7079532924011043,0.6494513193649698,-2.711308255052056,1
465,1,1,-1.509821219677645,-1.509821219677645,0.7895955093138634,-1.419795316937925,-0.6459202131950931,0
466,1,1,-1.1713550501498255,-1.1713550501498255,0.2141350789657439,-1.787203896173217,-0.8342584187404718,0
467,1,1,-0.22726469125623083,-0.22726469125623083,-0.34931698928248345,0.8563696861367563,0.22808243548668272,0
468,1,1,0.7793579795873341,0.7793579795873341,0.42017856369304696,0.5701539485819083,-0.12558687695209053,1
469,1,1,0.5807154197632419,0.5807154197632419,0.30464551618201,-1.6697926416190823,-0.0356450458121803,1
470,1,1,0.7718311777798177,0.7718311777798177,0.34302040259050975,-0.03933905836906298,-0.17933503401353376,1
471,0,0,-0.09470103244219004,-0.09470103244219004,0.6019648142606643,-0.45778794070832063,0.7632016104144803,0
472,1,1,0.6716354537013074,0.6716354537013074,-0.4284115598863508,0.43418601135630186,-0.6251448193157771,0
473,0,0,0.31774248292419033,0.31774248292419033,1.6181352923232024,-0.32768960736792413,-0.05796941307779851,1
474,1,1,0.6133776336762611,0.6133776336762611,0.7535491116564949,0.28495816408709124,0.6437021641746631,1
475,1,1,0.5032312303512517,0.5032312303512517,0.021963693238030532,0.00733293912605188,-0.8551877949130375,0
476,0,0,0.4907207153844391,0.4907207153844391,1.3060349299881178,-0.23234342185723608,0.272033392637456,0
477,1,1,0.25374011951239667,0.25374011951239667,0.3887220822265166,0.008955325781469008,-0.20932814130761804,0
478,0,0,0.7525503679472166,0.7525503679472166,0.7252576591261918,-0.7066592162423321,-0.7014063179650504,0
479,0,0,0.31774248292419033,0.31774248292419033,1.6018401429766351,0.00733293912605188,-3.350152484183291,0
480,1,1,-2.0809016706889936,-2.0809016706889936,0.6367138518371376,-0.6357362129589127,-1.2731268678700962,1
481,1,1,0.5549910646496456,0.5549910646496456,-1.0759065279029947,0.22316542157031716,1.433415037676685,1
482,1,1,-2.08092637688638,-2.08092637688638,0.6745299972080634,0.8985065231167697,0.9591156336267342,1
483,1,1,0.5441108116662811,0.5441108116662811,0.012825077857982063,-0.18647531831535785,1.2844397994544563,0
484,1,1,0.6783221044493287,0.6783221044493287,-0.4797145439386437,0.5092616002446474,1.286788092520451,0
485,1,1,0.7912274070138617,0.7912274070138617,-0.665044533703156,0.6368730567078096,1.5798829245720447,0
486,1,1,0.6501154370254268,0.6501154370254268,-0.7056556065324923,0.889541748935685,1.1802065129537374,0
487,1,1,0.3601194573237342,0.3601194573237342,0.5341047616316005,1.1747073567074344,-1.2640545502749732,0
488,1,1,-2.0692328418753445,-2.0692328418753445,1.1685375647075513,0.8593315876464919,0.5850397910538714,1
489,1,1,0.17383562362317673,0.17383562362317673,0.5870468894754663,-0.9089394847166435,-0.29357910144290944,1
491,1,1,-1.8278189052024403,-1.8278189052024403,0.17525876276520164,-2.456901097206584,-0.5378616418880865,0
492,0,0,-2.0809387044625165,-2.0809387044625165,1.7214637988731178,-0.36178410288546037,-3.28516991157207,0
493,1,1,0.852155015749493,0.852155015749493,0.07283560940006109,1.1644517569837822,0.3208540140987992,0
494,1,1,0.13118826660938557,0.13118826660938557,0.8984667500596331,-1.657483515828649,0.5723520677237547,0
495,0,0,0.5706738894677997,0.5706738894677997,-0.01779769928657708,-0.4859141790273292,-0.4096910735255488,0
497,1,1,-0.08191545852604747,-0.08191545852604747,-0.39216473988866407,-2.477450475517283,-0.29198141348855683,1
498,1,1,0.5385402729057712,0.5385402729057712,-1.0565323778986073,0.06982510581195696,0.20134817955933684,1
499,1,1,0.24414698384847328,0.24414698384847328,-0.5500545905320934,-0.5519940249662878,-0.7159821421250985,1
500,1,1,0.6970205182793054,0.6970205182793054,0.14146903611325373,0.3679199672878166,0.6328802010878106,0
501,1,1,0.8069767514487528,0.8069767514487528,-0.47734141211804654,2.0418817149444166,0.5383379756993972,0
502,1,1,-1.1332770716095146,-1.1332770716095146,0.9631389154790692,-0.15260980245481207,0.2526383217548305,0
504,1,1,0.3682661465968793,0.3682661465968793,0.08012547249348213,-0.6078655566419681,0.3114042388019069,0
505,1,1,-2.0392686459640355,-2.0392686459640355,-1.0098346217835061,1.5914819341348532,-0.3667397386805139,0
506,1,1,0.527133576874178,0.527133576874178,0.8792954299359135,0.32201647092748475,-0.19455488308776128,0
507,1,1,-2.0809387044625165,-2.0809387044625165,1.3185667023125833,0.00733293912605188,0.9626965537239276,0
508,0,0,-1.2568053846177654,-1.2568053846177654,1.228755628454195,-1.2623387232908876,-0.6035435794612696,0
509,1,1,0.7084190994070011,0.7084190994070011,-0.8646423527574235,0.16058930901872653,0.3590012891205518,0
510,1,1,0.8417119714708194,0.8417119714708194,-1.4307475780558885,1.5610634829826544,-0.1396184754769805,0
511,1,1,0.6304003387775298,0.6304003387775298,0.7780128170368762,-0.683276843443469,0.3371865467462753,1
512,1,1,0.5093452744928939,0.5093452744928939,0.03424962398506904,0.820470165752576,1.721782750480964,0
513,1,1,0.7544718795601331,0.7544718795601331,0.5154126234854557,0.38515513315912125,-0.47715098761461605,1
514,1,1,0.6783221044493287,0.6783221044493287,0.2900015395396977,0.5834993204106012,0.8793166814608241,1
515,1,1,0.36420638284195955,0.36420638284195955,-0.9092226560777099,-0.8542567714809635,-0.25942852141860384,1
516,1,1,0.8483768200436738,0.8483768200436738,-2.6141179354515023,2.3989730961761246,0.5355630196444411,1
517,1,1,0.8012173537475903,0.8012173537475903,-1.0275010236803215,1.1340970056735564,0.38093971031561413,0
518,1,1,0.8527912812932374,0.8527912812932374,-0.7089522694293465,0.2737818080250808,0.7748615295690873,0
519,0,0,0.719024662179679,0.719024662179679,-0.39129670601821254,-0.32778422738043284,0.3312815113883436,0
520,1,1,0.343498823428169,0.343498823428169,1.1067509891281913,-0.6208153899234327,-0.8863747311696236,0
521,1,1,0.6133776336762611,0.6133776336762611,0.12997481704657013,-0.2648886455240697,0.4109654975098522,1
522,1,1,0.7380523135225238,0.7380523135225238,-1.047165193945415,-0.3250936901189947,1.4792071131277216,0
523,1,1,-0.25470570533747844,-0.25470570533747844,-0.13388986095852767,0.029854173927219115,-1.0212852003141748,1
524,1,1,0.5807154197632419,0.5807154197632419,-1.8733366532684974,1.7118271101262474,0.06671962153541391,0
525,1,1,-0.5407026312450895,-0.5407026312450895,0.9228331589896253,-0.7961494643262146,-0.42392611727825436,0
526,1,1,0.8194255354034988,0.8194255354034988,0.3196471945848352,-0.13233095242201084,-0.031728648936959335,1
527,1,1,-0.12054306417347593,-0.12054306417347593,-0.6013863793909154,-0.6614776805324417,0.8883489687505133,1
528,0,0,0.8380956201313047,0.8380956201313047,0.7185492661711905,-0.2516452024087911,0.7183102713029905,0
529,1,1,-1.2568053846177654,-1.2568053846177654,-0.125185884556494,-0.6902736306169112,-1.4347862484182656,1
530,1,1,-2.0739680514421757,-2.0739680514421757,0.9959235169678207,-0.8862217247251585,0.0038393279326473335,0
531,1,1,0.758208958981467,0.758208958981467,0.8241353315944835,-0.2242051076970938,-0.857150790670543,0
532,1,1,-0.20011148663984904,-0.20011148663984904,0.5958110336171828,0.8334009933111238,-1.3952131047866123,0
533,1,1,0.5603027097217933,0.5603027097217933,-0.3774994325022228,-0.30604215749772223,-0.8353034647165499,0
534,1,1,0.6999472979483751,0.6999472979483751,-0.45085484761446354,-0.20957484039075744,-2.017577169356296,1
535,1,1,-0.08191545852604747,-0.08191545852604747,0.11142832601447748,0.00733293912605188,-0.7053010475303317,0
536,1,1,0.7312415699303698,0.7312415699303698,1.6678074477531648,0.5810224181012351,1.1762276170962107,0
537,1,1,0.32643857337014465,0.32643857337014465,0.9197447572195717,-1.0735246394714404,-0.25184855974256476,1
538,1,1,0.6044283304979801,0.6044283304979801,-0.05999553893976147,0.07920028833018525,-1.3842931446841735,1
539,1,1,0.8386756464192726,0.8386756464192726,0.5621820175685392,0.28749562385814165,-0.841378736234823,1
540,1,1,0.7358236908798163,0.7358236908798163,0.07405636762312912,0.594222074556865,-0.7139429837752834,0
541,0,0,0.5495940877538653,0.5495940877538653,-0.10396441140869186,-1.6875870354979376,1.1232929126885285,0
542,1,1,0.719024662179679,0.719024662179679,0.2778518809075166,-0.377672188411504,-0.7809754289876,0
543,1,1,-2.0809386623814388,-2.0809386623814388,0.26278383325029486,-1.32228884745591,-0.029277530748965896,0
544,1,1,0.5032312303512517,0.5032312303512517,-0.13428351614103945,0.00733293912605188,0.008991284761444876,0
545,1,1,0.4148914855821729,0.4148914855821729,-1.7768647656291547,-0.3197690608432907,-1.117028113900629,0
546,1,1,-2.0809387044625165,-2.0809387044625165,0.6734956539634863,0.00733293912605188,-0.3554367558265578,0
547,1,1,0.47782763986724414,0.47782763986724414,-1.31138988630192,-0.2652955736248795,-0.087959175562301,1
548,1,1,-0.282416839209824,-0.282416839209824,-0.817342281134696,-1.253635615028143,-0.2232060442798533,1
549,0,0,0.8173769934412486,0.8173769934412486,0.5142521329963915,-0.6032452261267298,-0.631608159548844,0
550,1,1,0.47782763986724414,0.47782763986724414,-0.9223212144486347,0.2070068887456187,0.18015073940707216,1
551,1,1,0.5441108116662811,0.5441108116662811,0.794969107687338,-0.7884781773577456,0.314451518940935,0
552,1,1,0.6538594644581582,0.6538594644581582,-0.9849627775182886,0.5314753069820818,1.1033884023897615,1
553,1,1,-1.71230054557332,-1.71230054557332,-0.49259760925705315,0.3498103084179258,0.05088345897540993,0
554,1,1,0.7505927211734981,0.7505927211734981,-0.09786691018040866,0.07099253504964795,0.09578281840302744,1
555,1,1,0.39205831344903286,0.39205831344903286,-1.9691450754785829,1.3468277223191174,0.5906313651464957,0
556,1,1,0.8078732997353522,0.8078732997353522,-0.616361569367461,-0.22352687374527605,-0.9533139384298661,1
557,1,1,-0.08191545852604747,-0.08191545852604747,-0.8667167085789141,-0.1517404505969728,-0.3439947204594597,1
558,1,1,0.40738589892823596,0.40738589892823596,2.3511921011449237,-0.5644245075303241,-1.1652913521363133,0
559,1,1,0.849280895182807,0.849280895182807,-0.3802455766116809,0.5673662467375077,0.6243927988318764,0
561,1,1,-2.080938704440155,-2.080938704440155,0.16530283442407484,-1.6420110412289892,-1.0764687751015543,0
562,1,1,-1.6042825702908103,-1.6042825702908103,0.8463118391491854,1.6393543716895285,-2.1618682237077427,0
563,1,1,0.16334112526437228,0.16334112526437228,-0.9595156104149356,0.6477348572817232,-0.09254267227041724,0
564,1,1,-2.049954709172884,-2.049954709172884,-1.707946969500136,1.812953579299163,1.8959065958407695,0
565,1,1,0.6682031148496494,0.6682031148496494,-0.8989235826032675,-0.07345921091000672,0.2625625114785013,1
566,0,0,0.7215579895661697,0.7215579895661697,0.6363617943692299,-0.18773971707788104,0.2583494646064725,1
567,1,1,0.8455599935590804,0.8455599935590804,-0.9982156824906708,1.4316181602663596,0.4270111550801109,0
568,1,1,0.24414698384847328,0.24414698384847328,1.204487836386598,0.9057451657560406,0.15819346188802802,0
569,1,1,0.2344409557218683,0.2344409557218683,-0.7763935608730923,0.00733293912605188,-0.1620421783827858,1
570,1,1,-1.291891655253443,-1.291891655253443,0.47383309690696096,0.00733293912605188,1.0385427938117513,0
571,1,1,0.3601194573237342,0.3601194573237342,0.4335770693788239,1.0771389563624394,0.9123169990747874,0
572,1,1,0.845989947390471,0.845989947390471,0.1157254890240115,0.38359976332258156,0.9102008521351493,0
573,1,1,0.8529606004108121,0.8529606004108121,-0.4605841539637398,0.7151701156059849,1.3958421503641287,0
574,1,1,0.5807154197632419,0.5807154197632419,-0.27890610249934666,-0.09113541813112813,0.6752521292202365,1
575,1,1,0.5032312303512517,0.5032312303512517,0.8239955359152137,0.00733293912605188,0.9174530055728459,0
576,1,1,0.8032118326643741,0.8032118326643741,-0.5588269602411561,1.1900653754200075,2.682673029677767,1
577,1,1,0.8159431214642252,0.8159431214642252,-0.5492117022666294,0.4296759560914695,4.636904596623453e-05,0
578,1,1,-2.0809031227864128,-2.0809031227864128,0.04655461444701269,0.00733293912605188,-1.0199545679311057,0
579,1,1,0.7505927211734981,0.7505927211734981,0.06046819799727385,0.3380851595325243,0.09924323409330542,0
580,1,1,0.20464545163084905,0.20464545163084905,0.38951395857607585,-0.538416835887185,-1.3540885350408278,0
581,1,1,-2.0809386831435273,-2.0809386831435273,-0.4164571178704907,-1.7943417726994044,0.14093253375995618,1
582,0,0,0.6647102480276941,0.6647102480276941,2.9291406608929096,-0.45841822711958574,-0.3905849018441755,0
583,0,0,0.7380523135225238,0.7380523135225238,1.2027577099220412,0.4346882476271759,-0.3340205777874822,0
584,1,1,0.09804057013702654,0.09804057013702654,0.421415372228449,-0.333643298798963,-0.07044918813803792,0
585,1,1,0.6044283304979801,0.6044283304979801,0.0706779543502623,0.6151589388113793,0.053358202581346215,0
586,1,1,0.7900070730238695,0.7900070730238695,-0.866412232605005,1.437762691541266,0.19849729657449322,0
587,1,1,0.761808796331296,0.761808796331296,-0.37242285675626147,0.025027142010793327,0.7961548908165409,0
588,1,1,-1.3371775783956772,-1.3371775783956772,0.44859075193978976,-1.9549042788095987,-0.8077428961476905,1
589,1,1,0.8371813647660208,0.8371813647660208,1.172175387171911,0.207591932465822,-1.3172905887791702,1
590,1,1,-2.078211825365671,-2.078211825365671,0.6234524754567795,1.5546544004135672,0.39306446619497265,0
591,1,1,0.6611559551176626,0.6611559551176626,-0.135434294306045,-0.2339546105751045,0.9844804843151901,1
592,1,1,-0.7891828861023195,-0.7891828861023195,0.7593719422940806,-2.494524883644167,-0.555080452977339,0
593,1,1,-2.0809387044625165,-2.0809387044625165,0.32267720310902565,0.00733293912605188,-1.2820273502362913,0
594,1,1,-2.0579221968467474,-2.0579221968467474,0.5823426383232483,-0.5033983921366737,0.09976343951846973,1
595,1,1,-2.0809387044625165,-2.0809387044625165,0.5963454051379254,-2.220810501368349,-0.4465561868338374,0
596,1,1,0.3350238804507396,0.3350238804507396,0.17766287715618628,-0.5684509400439979,2.209993634756099,1
598,1,1,-2.080875154827377,-2.080875154827377,-0.056315402186573646,1.2862849065169744,0.7877224015554071,0
599,1,1,0.5032312303512517,0.5032312303512517,-1.3848682035677473,0.00733293912605188,0.6897567174922399,0
600,1,1,-2.0638529159321166,-2.0638529159321166,-0.3511958027013737,1.4249861923927705,0.2502548893048003,0
601,1,1,0.7444966629535748,0.7444966629535748,0.7011122529342472,0.038023813410748036,-0.7430799243135515,0
602,1,1,-0.056623053901878787,-0.056623053901878787,-1.3182882415999078,0.03041997728952397,1.8670376722799247,1
603,1,1,0.06391355120173839,0.06391355120173839,0.6193064390752113,-1.5710509032997786,0.39746088101382665,1
604,1,1,-0.5260775413825867,-0.5260775413825867,-0.2722402381353215,-0.739646381036916,-2.346947209127888,1
605,1,1,-2.0809387044625165,-2.0809387044625165,0.16356288936638136,0.00733293912605188,0.3938492022334098,0
606,1,1,-0.5553423408385143,-0.5553423408385143,0.32274081588322157,-1.6419162387558124,1.7338476966545866,0
607,1,1,0.5998408011507358,0.5998408011507358,-0.3110957894854553,-0.16616080121337615,-1.0024218050479152,0
608,1,1,-0.26852864409004096,-0.26852864409004096,0.544645653469076,-1.4381310741807898,2.342552957176123,0
609,1,1,0.6424311970437736,0.6424311970437736,-0.5774228723037257,0.2186206370869069,-0.7192772987896807,1
610,1,1,0.6262517402760344,0.6262517402760344,-0.9628818086188893,0.6435545169892103,0.48403883559701927,1
611,1,1,0.638489118521472,0.638489118521472,0.5395313461614749,-0.6052119904993306,0.5109167758095047,0
612,1,1,0.7056457809010843,0.7056457809010843,-0.10979820785866194,0.5631659193198988,-2.084420506673523,1
613,1,1,0.6133776336762611,0.6133776336762611,-0.14307666673769073,-0.11707439309527068,0.9367633030200447,0
616,0,0,0.5032312303512517,0.5032312303512517,0.8921305644378031,0.00733293912605188,-1.1536547975375855,1
617,1,1,0.7900070730238695,0.7900070730238695,-0.6162641416444178,1.7858330482056204,0.036503918585119276,0
618,1,1,0.46454497635278336,0.46454497635278336,-1.277497766859832,0.14448968209203347,1.1724787894178572,0
619,1,1,0.6262517402760344,0.6262517402760344,0.6441364868080818,-0.43754193689728377,0.339383245629428,0
620,0,0,0.6783221044493287,0.6783221044493287,2.524046185465846,-0.15025518986207292,-2.083900791730267,0
621,1,1,0.1944880178862864,0.1944880178862864,-0.9350039009045539,-1.0357557682722476,-0.5189493368019281,0
622,1,1,0.2565960559716387,0.2565960559716387,-3.600703669852524,2.003173531001846,0.5038022036629402,1
623,0,0,-1.7312093344029562,-1.7312093344029562,2.6898588443652494,0.00733293912605188,-2.0157277489562144,0
624,1,1,0.5032312303512517,0.5032312303512517,-1.0116943273582075,0.00733293912605188,-0.961428609677332,0
625,1,1,-0.24095030882337132,-0.24095030882337132,0.4266747953565591,-0.16267190045143715,-0.023432722146164472,1
626,1,1,-1.788280813773498,-1.788280813773498,-1.8709206498251252,0.5278586234753629,-1.0512505574556716,0
627,1,1,-0.9035287094293505,-0.9035287094293505,-0.21386334716142452,-0.5719830196504926,-0.19576048163587229,0
628,0,0,0.5032312303512517,0.5032312303512517,0.12521203356043453,0.1713382907470939,-0.4853615692636154,0
629,0,0,0.8225837770655011,0.8225837770655011,0.33355186566423933,0.03660704409641044,0.4860732765465356,1
630,1,1,0.4148914855821729,0.4148914855821729,0.9489459579103764,-0.7683753997441344,-1.7444405628193496,0
631,1,1,-0.17326295678602063,-0.17326295678602063,-0.6792304199619635,1.3344625356192155,0.8682995211617945,0
632,1,1,-2.080878855594526,-2.080878855594526,0.43249019898980556,0.00733293912605188,-0.3214410836110773,0
633,1,1,0.6424311970437736,0.6424311970437736,-2.1947421280369954,1.5504600570690081,1.2146653450418654,0
634,1,1,0.31774248292419033,0.31774248292419033,0.9831182164668644,-0.8811551732241377,-1.4189651027736647,1
635,1,1,0.2909858354146032,0.2909858354146032,0.9413227732435516,-0.9184301223436657,0.6591546787746383,0
636,1,1,0.10919947434397267,0.10919947434397267,-0.06210747008376647,-0.08099054266193248,-0.10323414520766593,0
637,1,1,0.5212955181435112,0.5212955181435112,-0.33087900376931734,-0.33236362759880483,-0.06463361295996586,1
638,1,1,0.7111428651102571,0.7111428651102571,-0.41881635368510095,0.14861280769110574,-0.31118364187958336,0
639,1,1,0.7335536754284843,0.7335536754284843,-0.3553098016277685,0.4592689634523046,0.639654284434556,1
640,1,1,0.4843224415216156,0.4843224415216156,0.8002262373537993,-0.37890253106361127,0.9106818623121397,0
641,1,1,-0.6726357632131902,-0.6726357632131902,-0.34323082205964245,-0.03531889083035593,-0.8330744607225818,0
642,1,1,-1.7492736221952154,-1.7492736221952154,-0.7916267589555099,0.8275634092411354,0.003014157520130577,0
643,1,1,0.7848855163142882,0.7848855163142882,-2.0214588895987853,1.2105876620477678,1.405848484803094,1
644,1,1,0.5549910646496456,0.5549910646496456,0.3633189287785437,-0.1811601202602269,1.2377186774386049,0
645,1,1,0.5032312303512517,0.5032312303512517,-1.0725788437665706,0.45396468932242995,-0.19964350097303127,1
646,1,1,0.6575393311380757,0.6575393311380757,0.16825626213999556,0.9852302807536357,2.016301779130404,1
647,1,1,-0.22726469125623083,-0.22726469125623083,0.5206233557180768,0.00733293912605188,0.4972699936719214,0
648,0,0,0.5032312303512517,0.5032312303512517,2.064740252607353,0.00733293912605188,0.5080149386169579,0
649,0,0,0.8225837770655011,0.8225837770655011,0.20914436757806085,0.13902748545548724,1.0301720374017351,0
650,1,1,0.7544718795601331,0.7544718795601331,-1.2245886424647452,1.034608206961308,1.8267924671773015,0
651,1,1,0.638489118521472,0.638489118521472,-0.7196494196179004,1.3594423872936297,0.44895885728000995,1
652,0,0,0.7444966629535748,0.7444966629535748,0.9590423716240122,-0.28268040682078405,-2.291583402315721,0
653,1,1,0.7505927211734981,0.7505927211734981,-0.24728142931792105,1.3003197373344093,-0.7801130199114549,1
654,1,1,-2.0087576568735237,-2.0087576568735237,-2.3557006442020287,0.897088798117855,0.9297927924542815,0
655,1,1,0.5032312303512517,0.5032312303512517,-1.9010213717951399,0.00733293912605188,0.787905318892959,1
656,1,1,0.7111428651102571,0.7111428651102571,-0.08607733472278746,-0.15621258001012808,-1.0889899733392916,1
657,0,0,0.3518638544298626,0.3518638544298626,2.072280133073056,-0.2567269235827479,0.2800655324856104,0
658,1,1,0.6501154370254268,0.6501154370254268,-0.8823638356672302,1.4757288866529765,-1.994138596530775,0
659,1,1,0.8529606004108121,0.8529606004108121,0.622026693072188,0.06747358998997748,-1.501450418452303,1
660,1,1,0.004915547089021259,0.004915547089021259,-0.30046632689138886,0.873750106514791,1.0681091961825713,0
661,1,1,-2.080882340854311,-2.080882340854311,-1.8207444909532033,1.9782093898104784,1.343375006588976,0
662,1,1,0.8527130142798466,0.8527130142798466,-0.9386084290293089,1.9733190804823975,-0.9959537492437711,1
663,1,1,0.39205831344903286,0.39205831344903286,0.09455490284630666,-0.447855358764065,-2.209990867780762,1
664,0,0,-0.40994743395398336,-0.40994743395398336,0.871647186261981,-1.0375596884066949,-0.016089407481157163,0
665,1,1,0.8529605768496853,0.8529605768496853,-1.1962168184760884,1.1621203253815524,0.3442454510842107,0
666,1,1,0.8515505761293473,0.8515505761293473,-0.9304022096370341,0.8898204055973961,-1.660897434192498,1
667,0,0,-2.080938704094785,-2.080938704094785,0.9419306452936175,-2.575710455335546,-0.4781548553837991,0
668,1,1,-2.0809387044625165,-2.0809387044625165,0.9507315209149002,-0.9272956584844898,-1.4553197419061026,0
669,1,1,-1.1838589152499424,-1.1838589152499424,0.5000037093682063,0.13090207754185493,0.14522589522027132,1
670,1,1,-2.0809387044625165,-2.0809387044625165,-0.4499336866456156,0.9711000582117011,-0.5564546437093979,0
671,1,1,-1.4018137276748814,-1.4018137276748814,0.3650544303313448,0.00733293912605188,-1.4030383084870746,0
672,0,0,0.5032312303512517,0.5032312303512517,1.2606636813056307,0.00733293912605188,-0.6017356890629514,1
673,1,1,0.028827280566060855,0.028827280566060855,1.5566105602431903,-0.6983713283345064,0.6659770492644707,1
674,0,0,-0.056623053901878787,-0.056623053901878787,1.7063908912754537,0.92421127575723,0.5344960076240556,0
676,1,1,0.8511683418828061,0.8511683418828061,-0.14253051085416946,0.8758877453649427,-0.9198566738241242,0
677,1,1,0.20464545163084905,0.20464545163084905,-0.2899547235882896,0.31827969745424023,-0.22763096087455878,1
678,1,1,0.16334112526437228,0.16334112526437228,-0.09483062549890785,-0.7971830173843447,0.26859728141687755,0
679,0,0,0.7380523135225238,0.7380523135225238,1.2913625936519737,-0.3652801016757625,0.27699044003780043,0
680,1,1,0.6089402839828528,0.6089402839828528,1.098615286334837,0.05952604533083137,1.1853010944533815,1
681,1,1,0.7686154081957827,0.7686154081957827,-1.289706487332211,1.4940687223631035,0.6068220266071204,1
